,PolygonID,HabType,CumEggs,PolygonAreaLL,PolygonAream2,EggDensityperHA
1,1,Soybeans,0,2.87E-05,1503.52881,0
2,2,Grass/Pasture,428,1.86E-06,17087.001,250.4828085
3,3,Corn,20,0.000197355,468771.8824,0.42664675
4,4,Grass/Pasture,892,1.77E-06,16242.1602,549.1880323
5,5,Developed/Open Space/Developed/Low Intensity,26,1.18E-06,10841.40997,23.98212047
6,6,Cotton/Rice/Sorghum/Sunflower/Peanuts/Tobacco/Sweet Corn/Pop or Orn Corn/Mint/Barley/Durum Wheat/Spring Wheat/Winter Wheat/Other,6,2.35E-06,21583.60215,2.779888157
7,7,Grass/Pasture,148,2.74E-06,25180.86277,58.77479312
8,8,Corn,26,7.87E-05,723048.1597,0.359588772
9,9,Grass/Pasture,508,3.53E-06,32375.26909,156.9098927
10,10,Corn,12,2.84E-05,260801.7696,0.460119577
11,11,Grass/Pasture,364,2.06E-06,18885.68649,192.738559
12,12,Corn,0,1.08E-06,9940.181466,0
13,13,Corn,2,0.000152684,188695.8569,0.105990668
14,14,Soybeans,46,0.000106006,607701.7247,0.756950295
15,15,Grass/Pasture,930,3.50E-06,32100.93483,289.7111891
16,16,Corn,18,3.13E-05,287227.9311,0.62668
17,17,Soybeans,56,0.000144831,1330058.186,0.421034212
18,18,Corn,4,9.76E-07,8961.58929,4.463493997
19,19,Corn,44,0.000125363,694421.0358,0.633621358
20,20,Corn,8,0.000112269,252657.4245,0.316634273
21,21,Soybeans,136,0.000217896,2001025.788,0.679651411
22,22,Soybeans,22,3.06E-05,160288.9746,1.372521102
23,23,Grass/Pasture,2558,1.14E-05,104889.8185,243.8749572
24,24,Soybeans,6,0.000130836,170777.8376,0.351333644
25,25,Grass/Pasture,412,9.79E-07,8993.151056,458.1264091
26,26,Corn,30,4.11E-06,37771.32591,7.942532934
27,27,Cotton/Rice/Sorghum/Sunflower/Peanuts/Tobacco/Sweet Corn/Pop or Orn Corn/Mint/Barley/Durum Wheat/Spring Wheat/Winter Wheat/Other,32,2.06E-06,18885.62884,16.94410087
28,28,Cotton/Rice/Sorghum/Sunflower/Peanuts/Tobacco/Sweet Corn/Pop or Orn Corn/Mint/Barley/Durum Wheat/Spring Wheat/Winter Wheat/Other,24,1.47E-06,13489.73,17.79131235
29,29,Corn,14,1.59E-05,145825.2699,0.960053083
30,30,Soybeans,12,3.33E-05,306210.2939,0.391887544
31,31,Corn,10,6.86E-06,63026.88531,1.586624494
32,32,Grass/Pasture,726,1.15E-06,10575.55762,686.4886241
33,33,Grass/Pasture,768,1.76E-06,16187.62285,474.4365539
34,34,Grass/Pasture,238,1.57E-06,14389.07704,165.4032426
35,35,Grass/Pasture,6672,3.24E-05,297642.4656,224.161562
36,36,Soybeans,4,1.96E-06,17986.24069,2.223922202
37,37,Blank_/Developed/Med Intensity/Developed/High Intensity,0,1.76E-06,16187.62384,0
38,38,Corn,28,5.55E-05,312682.5467,0.895476908
39,39,Cotton/Rice/Sorghum/Sunflower/Peanuts/Tobacco/Sweet Corn/Pop or Orn Corn/Mint/Barley/Durum Wheat/Spring Wheat/Winter Wheat/Other,16,2.04E-06,18746.01781,8.535146057
40,40,Corn,76,9.59E-05,880454.4761,0.863190569
41,41,Developed/Open Space/Developed/Low Intensity,28,2.21E-06,20296.31073,13.79561063
42,42,Grass/Pasture,716,2.27E-06,20859.6744,343.2460096
43,43,Corn,0,1.57E-06,127.861473,0
44,44,Grass/Pasture,878,2.59E-06,23766.2881,369.4308494
45,45,Corn,68,6.63E-05,608714.5231,1.117108224
46,46,Soybeans,62,9.80E-05,627346.9536,0.988288851
47,47,Grass/Pasture,538,1.03E-06,9456.408877,568.9263303
48,48,Soybeans,14,4.78E-05,438782.0948,0.319064979
49,49,Corn,52,6.00E-05,550975.1875,0.943781157
50,50,Soybeans,24,6.26E-05,574874.6801,0.417482294
51,51,Developed/Open Space/Developed/Low Intensity,32,8.94E-07,8192.667847,39.05931572
52,52,Grass/Pasture,844,2.75E-06,25278.09741,333.885888
53,53,Cotton/Rice/Sorghum/Sunflower/Peanuts/Tobacco/Sweet Corn/Pop or Orn Corn/Mint/Barley/Durum Wheat/Spring Wheat/Winter Wheat/Other,6,2.31E-06,21224.62109,2.82690559
54,54,Developed/Open Space/Developed/Low Intensity,18,8.93E-07,8207.668432,21.93071047
55,55,Developed/Open Space/Developed/Low Intensity,24,1.13E-06,10391.47759,23.09584926
56,56,Cotton/Rice/Sorghum/Sunflower/Peanuts/Tobacco/Sweet Corn/Pop or Orn Corn/Mint/Barley/Durum Wheat/Spring Wheat/Winter Wheat/Other,8,1.86E-06,17086.97667,4.681928321
57,57,Soybeans,38,3.64E-05,334092.387,1.137409934
58,58,Soybeans,26,0.000212847,512684.925,0.507134084
59,59,Soybeans,2,7.58E-05,79721.02307,0.250874854
60,60,Forest/Deciduous Forest/Evergreen Forest/Mixed Forest/Woody Wetlands,20,1.08E-06,9892.447111,20.21744446
61,61,Grass/Pasture,584,2.85E-06,26212.94074,222.7907223
62,62,Soybeans,2,4.11E-06,37771.18211,0.529504211
63,63,Soybeans,20,1.90E-05,174466.676,1.146350722
64,64,Grass/Pasture,1234,1.23E-05,100360.3685,122.9569021
65,65,Soybeans,78,5.27E-05,483923.3113,1.611825638
66,66,Grass/Pasture,7778,6.11E-05,561166.1643,138.6042227
67,67,Cotton/Rice/Sorghum/Sunflower/Peanuts/Tobacco/Sweet Corn/Pop or Orn Corn/Mint/Barley/Durum Wheat/Spring Wheat/Winter Wheat/Other,28,3.13E-06,28778.04012,9.729641033
68,68,Corn,120,0.000333608,3064714.92,0.391553548
69,69,Grass/Pasture,604,2.67E-06,24545.16026,246.0770244
70,70,Corn,24,8.87E-05,147253.7849,1.629839261
71,71,Grass/Pasture,818,2.34E-06,21474.22652,380.9217525
72,72,Corn,10,1.18E-05,108816.8956,0.918974939
73,73,Forest/Deciduous Forest/Evergreen Forest/Mixed Forest/Woody Wetlands,6,1.96E-06,17986.27075,3.335877728
74,74,Developed/Open Space/Developed/Low Intensity,16,4.54E-06,6653.997355,24.04569636
75,75,Corn,8,0.000116097,343120.023,0.233154566
76,76,Grass/Pasture,2070,7.34E-06,67448.94072,306.8988153
77,77,Forest/Deciduous Forest/Evergreen Forest/Mixed Forest/Woody Wetlands,0,1.17E-06,10791.76503,0
78,78,Cotton/Rice/Sorghum/Sunflower/Peanuts/Tobacco/Sweet Corn/Pop or Orn Corn/Mint/Barley/Durum Wheat/Spring Wheat/Winter Wheat/Other,14,2.06E-06,18885.56698,7.413068411
79,79,Corn,6,2.35E-06,21583.60426,2.779887885
80,80,Soybeans,50,4.21E-05,381501.9253,1.310609375
81,81,Corn,22,1.92E-05,153824.319,1.430202984
82,82,Corn,30,2.49E-05,191856.5073,1.56366862
83,83,Grass/Pasture,618,6.13E-06,28416.84498,217.4766412
84,84,Grass/Pasture,3298,3.21E-05,217632.1974,151.5400772
85,85,Corn,6,4.32E-05,167822.8967,0.35751975
86,86,Grass/Pasture,1230,2.15E-05,113737.6266,108.1436317
87,87,Soybeans,0,3.07E-05,5929.596328,0
88,88,Soybeans,4,8.08E-05,80265.79617,0.498344275
89,89,Soybeans,8,0.00016447,189539.6148,0.422075354
90,90,Developed/Open Space/Developed/Low Intensity,2,1.87E-06,451.5807938,44.2888632
91,91,Developed/Open Space/Developed/Low Intensity,188,4.29E-06,39440.78949,47.66638864
92,92,Developed/Open Space/Developed/Low Intensity,20,1.23E-06,11301.23056,17.69718784
93,93,Developed/Open Space/Developed/Low Intensity,16,1.20E-06,11050.74274,14.47866481
94,94,Corn,12,0.000115661,97329.54875,1.232924652
95,95,Developed/Open Space/Developed/Low Intensity,134,7.65E-06,61839.5037,21.66899667
96,96,Developed/Open Space/Developed/Low Intensity,20,2.53E-06,23253.24712,8.60094932
97,97,Developed/Open Space/Developed/Low Intensity,52,1.65E-06,15136.11554,34.35491746
98,98,Developed/Open Space/Developed/Low Intensity,244,8.71E-06,80024.34415,30.49072162
99,99,Developed/Open Space/Developed/Low Intensity,26,2.59E-06,13557.17813,19.17803229
100,100,Developed/Open Space/Developed/Low Intensity,180,7.43E-06,68284.22157,26.36040887
101,101,Developed/Open Space/Developed/Low Intensity,4,1.42E-06,3546.066568,11.28010409
102,102,Developed/Open Space/Developed/Low Intensity,22,1.12E-06,10328.72784,21.29981576
103,103,Developed/Open Space/Developed/Low Intensity,32,1.60E-06,14721.12754,21.73746536
104,104,Developed/Open Space/Developed/Low Intensity,34,2.17E-06,19891.01974,17.09314075
105,105,Developed/Open Space/Developed/Low Intensity,96,3.69E-06,33903.63238,28.31555006
106,106,Developed/Open Space/Developed/Low Intensity,108,4.89E-06,44915.54123,24.04512938
107,107,Developed/Open Space/Developed/Low Intensity,78,1.96E-06,17965.39717,43.41679689
108,108,Developed/Open Space/Developed/Low Intensity,2,1.25E-06,148.9575918,134.2664027
109,109,MWROW0,0,2.72E-07,2500.000013,0
110,110,MWROW0,0,2.72E-07,2500.000013,0
111,111,MWROW0,0,2.72E-07,2500.002537,0
112,112,MWROW0,0,2.61E-07,2393.216793,0
113,113,MWROW0,0,2.72E-07,2499.997087,0
114,114,MWROW0,0,2.72E-07,2499.998415,0
115,115,MWROW0,0,2.70E-07,2475.32225,0
116,116,MWROW0,0,2.72E-07,2500.005498,0
117,117,MWROW0,0,2.72E-07,2499.997984,0
118,118,MWROW0,0,2.67E-07,2454.965665,0
119,119,MWROW0,0,2.68E-07,2460.486851,0
120,120,MWROW0,0,2.72E-07,2494.159658,0
121,121,MWROW0,0,2.70E-07,2480.773187,0
122,122,MWROW0,0,2.72E-07,2500.000066,0
123,123,MWROW0,0,2.72E-07,2500.000014,0
124,124,MWROW0,0,3.65E-07,3352.636794,0
125,125,MWROW0,0,2.72E-07,2500.000761,0
126,126,MWROW0,0,2.72E-07,2499.997533,0
127,127,MWROW0,0,2.72E-07,2499.996612,0
128,128,MWROW0,0,2.72E-07,2500.002771,0
129,129,MWROW0,0,2.72E-07,2499.972118,0
130,130,MWROW0,0,2.72E-07,2494.759563,0
131,131,MWROW0,0,2.72E-07,2499.996246,0
132,132,MWROW0,0,2.72E-07,2499.99587,0
133,133,MWROW0,0,2.72E-07,2500.002613,0
134,134,MWROW0,0,2.72E-07,2500.000015,0
135,135,MWROW0,0,2.70E-07,2476.512263,0
136,136,MWROW0,0,2.70E-07,2478.797504,0
137,137,MWROW0,0,2.72E-07,2500.000108,0
138,138,MWROW0,0,2.69E-07,2474.259566,0
139,139,MWROW0,0,2.72E-07,2499.999976,0
140,140,MWROW0,0,4.84E-07,4443.794105,0
141,141,MWROW0,0,2.72E-07,2500.001204,0
142,142,MWROW0,0,2.72E-07,2499.999719,0
143,143,MWROW0,0,2.72E-07,2500.001307,0
144,144,MWROW0,0,2.72E-07,2499.996106,0
145,145,MWROW0,0,2.72E-07,2499.993803,0
146,146,MWROW0,0,2.72E-07,2499.999196,0
147,147,MWROW0,0,2.71E-07,2492.262947,0
148,148,MWROW0,0,2.72E-07,2499.996336,0
149,149,MWROW0,0,2.72E-07,2500.000528,0
150,150,MWROW0,0,2.69E-07,2466.690549,0
151,151,MWROW0,0,2.72E-07,2499.997951,0
152,152,MWROW0,0,2.72E-07,2500.004795,0
153,153,MWROW0,0,2.72E-07,2499.999927,0
154,154,MWROW0,0,2.69E-07,2474.578946,0
155,155,MWROW0,0,2.72E-07,2495.993654,0
156,156,MWROW0,0,2.72E-07,2500.000402,0
157,157,MWROW0,0,2.72E-07,2500.000514,0
158,158,MWROW0,0,2.72E-07,2499.9964,0
159,159,MWROW0,0,2.72E-07,2500.007887,0
160,160,MWROW0,0,3.94E-07,3620.486789,0
161,161,MWROW0,0,2.70E-07,2476.998003,0
162,162,MWROW0,0,2.72E-07,2500.002015,0
163,163,MWROW0,0,2.72E-07,2499.999849,0
164,164,MWROW0,0,2.72E-07,2499.998136,0
165,165,MWROW0,0,2.72E-07,2499.997228,0
166,166,MWROW0,0,2.72E-07,2499.999562,0
167,167,MWROW0,0,2.69E-07,2468.991939,0
168,168,MWROW0,0,2.69E-07,2474.699574,0
169,169,MWROW0,0,2.72E-07,2499.995203,0
170,170,MWROW0,0,2.72E-07,2500.002613,0
171,171,MWROW0,0,2.72E-07,2500.000095,0
172,172,MWROW0,0,2.72E-07,2499.997764,0
173,173,MWROW0,0,2.72E-07,2499.996884,0
174,174,MWROW0,0,2.72E-07,2499.998072,0
175,175,MWROW0,0,2.72E-07,2499.998971,0
176,176,MWROW0,0,2.72E-07,2499.996429,0
177,177,MWROW0,0,2.72E-07,2499.998825,0
178,178,MWROW0,0,2.72E-07,2499.999788,0
179,179,MWROW0,0,2.72E-07,2500.000696,0
180,180,MWROW0,0,2.72E-07,2500.004932,0
181,181,MWROW0,0,2.72E-07,2499.998746,0
182,182,MWROW0,0,2.72E-07,2499.975896,0
183,183,MWROW0,0,2.71E-07,2488.213675,0
184,184,MWROW0,0,2.72E-07,2499.998867,0
185,185,MWROW0,0,2.72E-07,2499.998558,0
186,186,MWROW0,0,2.72E-07,2499.954864,0
187,187,MWROW0,0,2.72E-07,2500.001561,0
188,188,MWROW0,0,2.72E-07,2500.003044,0
189,189,MWROW0,0,2.72E-07,2500.000172,0
190,190,MWROW0,0,2.72E-07,2499.996767,0
191,191,MWROW0,0,2.72E-07,2499.999325,0
192,192,MWROW0,0,2.72E-07,2500.002424,0
193,193,MWROW0,0,2.72E-07,2500.000005,0
194,194,MWROW0,0,2.72E-07,2500.00086,0
195,195,MWROW0,0,2.72E-07,2499.9982,0
196,196,MWROW0,0,2.72E-07,2500.000622,0
197,197,MWROW0,0,2.72E-07,2500.002368,0
198,198,MWROW0,0,2.72E-07,2500.001333,0
199,199,MWROW0,0,2.72E-07,2500.000637,0
200,200,MWROW0,0,2.72E-07,2499.999526,0
201,201,MWROW0,0,2.67E-07,2454.234989,0
202,202,MWROW0,0,2.69E-07,2468.006102,0
203,203,MWROW0,0,2.62E-07,2409.644427,0
204,204,MWROW0,0,2.71E-07,2489.491191,0
205,205,MWROW0,0,2.72E-07,2500.002896,0
206,206,MWROW0,0,2.72E-07,2499.999901,0
207,207,MWROW0,0,2.72E-07,2499.999821,0
208,208,MWROW0,0,5.11E-07,4695.573325,0
209,209,MWROW1-5,32,2.72E-07,2500.000013,127.9999993
210,210,MWROW1-5,80,2.72E-07,2500.006234,319.999202
211,211,MWROW1-5,112,2.72E-07,2500.002903,447.9994798
212,212,MWROW1-5,68,2.72E-07,2499.995053,272.0005382
213,213,MWROW1-5,78,2.72E-07,2494.570588,312.6790654
214,214,MWROW1-5,92,2.67E-07,2452.36094,375.1486924
215,215,MWROW1-5,84,2.72E-07,2499.997533,336.0003316
216,216,MWROW1-5,88,2.72E-07,2499.997869,352.0003
217,217,MWROW1-5,10,2.72E-07,2500.00172,39.99997248
218,218,MWROW1-5,24,2.72E-07,2500.001392,95.99994655
219,219,MWROW1-5,78,2.72E-07,2500.000048,311.999994
220,220,MWROW1-5,28,2.71E-07,2492.410987,112.341023
221,221,MWROW1-5,118,2.72E-07,2500.000824,471.9998444
222,222,MWROW1-5,40,2.70E-07,2476.184367,161.5388601
223,223,MWROW1-5,26,2.72E-07,2499.998791,104.0000503
224,224,MWROW1-5,50,2.72E-07,2497.789432,200.1770019
225,225,MWROW1-5,36,2.72E-07,2499.997023,144.0001715
226,226,MWROW1-5,8,2.72E-07,2499.998042,32.00002506
227,227,MWROW1-5,26,2.72E-07,2500.000534,103.9999778
228,228,MWROW1-5,46,2.72E-07,2499.991845,184.0006002
229,229,MWROW1-5,126,2.70E-07,2477.411647,508.5953324
230,230,MWROW1-5,40,2.72E-07,2500.001869,159.9998804
231,231,MWROW1-5,90,2.70E-07,2477.84407,363.2189817
232,232,MWROW1-5,60,2.72E-07,2499.996307,240.0003545
233,233,MWROW1-5,64,2.72E-07,2499.998782,256.0001247
234,234,MWROW1-5,114,2.72E-07,2499.985895,456.0025728
235,235,MWROW1-5,92,2.72E-07,2499.981601,368.0027084
236,236,MWROW1-5,80,2.72E-07,2499.998469,320.000196
237,237,MWROW1-5,74,2.72E-07,2499.997577,296.0002869
238,238,MWROW1-5,74,2.72E-07,2499.976156,296.0028232
239,239,MWROW1-5,48,2.72E-07,2499.99839,192.0001236
240,240,MWROW1-5,56,2.72E-07,2500.001428,223.9998721
241,241,MWROW1-5,30,2.72E-07,2499.999675,120.0000156
242,242,MWROW1-5,74,2.67E-07,2454.106534,301.5354019
243,243,MWROW1-5,68,2.68E-07,2460.696437,276.3445299
244,244,MWROW1-5,92,2.72E-07,2500.0029,367.9995731
245,245,MWROW1-5,82,2.72E-07,2500.001352,327.9998226
246,246,MWROW1-5,36,2.72E-07,2499.999395,144.0000348
247,247,MWROW1-5,48,2.72E-07,2499.999905,192.0000073
248,248,MWROW1-5,100,2.72E-07,2500.000011,399.9999982
249,249,MWROW1-5,90,2.72E-07,2498.054996,360.2802986
250,250,MWROW1-5,80,2.55E-07,2344.872921,341.1698744
251,251,MWROW1-5,70,2.72E-07,2500.000909,279.9998982
252,252,MWROW1-5,88,2.72E-07,2500.001993,351.9997194
253,253,MWROW1-5,126,2.72E-07,2500.802969,503.8381734
254,254,MWROW1-5,34,2.72E-07,2500.000304,135.9999835
255,255,MWROW1-5,46,2.72E-07,2499.997978,184.0001488
256,256,MWROW1-5,58,2.72E-07,2499.998682,232.0001223
257,257,MWROW1-5,220,2.72E-07,2499.998014,880.0006991
258,258,MWROW1-5,20,2.72E-07,2123.888847,94.1668865
259,259,MWROW1-5,240,2.65E-07,2435.684913,985.3491259
260,260,MWROW5-20,100,2.72E-07,1745.899211,572.7707497
261,261,MWROW5-20,154,2.72E-07,2499.997984,616.0004967
262,262,MWROW5-20,92,2.72E-07,2499.998761,368.0001824
263,263,MWROW5-20,62,2.72E-07,2500.002555,247.9997465
264,264,MWROW5-20,132,2.72E-07,2500.000896,527.9998108
265,265,MWROW5-20,108,2.72E-07,2500.003376,431.9994166
266,266,MWROW5-20,86,2.72E-07,2500.000896,343.9998767
267,267,MWROW5-20,84,2.72E-07,2500.002037,335.9997262
268,268,MWROW5-20,170,2.72E-07,2500.004022,679.998906
269,269,MWROW5-20,128,2.72E-07,2500.003945,511.9991921
270,270,MWROW5-20,106,2.72E-07,2500.000469,423.9999205
271,271,MWROW5-20,190,2.72E-07,2499.992984,760.0021329
272,272,MWROW5-20,242,2.72E-07,2500.002984,967.9988446
273,273,MWROW5-20,244,2.72E-07,2500.000469,975.9998169
274,274,MWROW5-20,232,2.72E-07,2500.003533,927.9986886
275,275,MWROW5-20,202,2.72E-07,2494.172588,809.88782
276,276,MWROW5-20,232,2.72E-07,2500.003379,927.9987457
277,277,MWROW5-20,268,2.72E-07,2501.862467,1071.201969
278,278,MWROW5-20,272,4.92E-07,4523.397154,601.3179713
279,279,MWROW5-20,106,2.72E-07,2500.0007,423.9998813
280,280,MWROW5-20,24,2.72E-07,1284.934752,186.7799121
281,281,MWROW5-20,176,2.72E-07,2500.00156,703.9995607
282,282,MWROW5-20,176,2.72E-07,2499.999097,704.0002543
283,283,MWROW5-20,154,2.72E-07,2499.996951,616.0007513
284,284,MWROW5-20,138,2.67E-07,2454.90547,562.1397715
285,285,MWROW5-20,72,2.72E-07,2494.02158,288.6903649
286,286,MWROW5-20,126,2.72E-07,2499.996724,504.0006604
287,287,MWROW5-20,118,2.72E-07,2496.462099,472.6689023
288,288,MWROW5-20,88,2.72E-07,2500.007807,351.9989008
289,289,MWROW5-20,200,2.72E-07,2500.000539,799.9998275
290,290,MWROW5-20,86,2.72E-07,2499.999441,344.0000769
291,291,MWROW5-20,94,2.72E-07,2499.99797,376.0003053
292,292,MWROW5-20,88,2.72E-07,2499.997869,352.0003
293,293,MWROW5-20,102,2.72E-07,2499.998164,408.0002996
294,294,MWROW5-20,124,3.60E-07,3304.117775,375.2892858
295,295,MWROW5-20,104,2.72E-07,2500.001139,415.9998105
296,296,MWROW5-20,26,2.69E-07,2401.615374,108.2604662
297,297,MWROW5-20,82,2.72E-07,2500.001396,327.9998168
298,298,MWROW5-20,144,2.72E-07,2499.997956,576.0004709
299,299,MWROW5-20,252,2.72E-07,2499.998665,1008.000538
300,300,MWROW5-20,172,2.72E-07,2500.003664,687.9989917
301,301,MWROW5-20,66,2.72E-07,2500.001105,263.9998833
302,302,MWROW5-20,252,2.72E-07,2499.99938,1008.00025
303,303,MWROW5-20,140,2.72E-07,2499.998478,560.0003409
304,304,MWROW5-20,102,2.72E-07,2499.998326,408.0002732
305,305,MWROW5-20,82,2.72E-07,2500.004799,327.9993704
306,306,MWROW5-20,112,2.72E-07,2499.992554,448.0013343
307,307,MWROW5-20,68,2.70E-07,2478.780478,274.3284474
308,308,MWROW5-20,78,2.72E-07,2500.001764,311.9997799
309,309,MWROW5-20,94,2.72E-07,2499.995871,376.000621
310,310,MWROW5-20,68,2.72E-07,2500.003392,271.999631
311,311,MWROW5-20,164,2.72E-07,2500.006527,655.9982873
312,312,MWROW5-20,134,2.72E-07,2500.007043,535.99849
313,313,MWROW5-20,188,2.72E-07,2500.002826,751.9991499
314,314,MWROW5-20,88,2.72E-07,2500.006686,351.9990586
315,315,MWROW5-20,64,2.72E-07,2494.022623,256.6135504
316,316,MWROW5-20,116,2.72E-07,2500.277371,463.9485257
317,317,MWROW5-20,162,2.72E-07,2499.998574,648.0003696
318,318,MWROW5-20,144,2.72E-07,2500.001592,575.9996332
319,319,MWROW5-20,134,2.72E-07,2499.968881,536.006672
320,320,MWROW5-20,76,2.72E-07,2500.000498,303.9999394
321,321,MWROW5-20,134,2.72E-07,2499.996693,536.000709
322,322,MWROW5-20,188,2.70E-07,2483.738815,756.9233885
323,323,MWROW5-20,206,2.72E-07,2499.997487,824.0008283
324,324,MWROW5-20,140,2.72E-07,2500.002267,559.9994922
325,325,MWROW5-20,138,2.71E-07,2491.77025,553.8231304
326,326,MWROW5-20,156,2.72E-07,2499.998124,624.0004682
327,327,MWROW5-20,142,2.71E-07,2487.507205,570.8526179
328,328,MWROW5-20,384,2.70E-07,2475.479185,1551.214821
329,329,MWROW5-20,166,2.72E-07,2499.999939,664.0000162
330,330,MWROW5-20,184,2.72E-07,2500.000095,735.999972
331,331,MWROW5-20,126,2.72E-07,2500.005124,503.998967
332,332,MWROW5-20,194,2.72E-07,2500.000095,775.9999705
333,333,MWROW5-20,138,2.72E-07,2500.00113,551.9997505
334,334,MWROW5-20,46,2.72E-07,2499.99967,184.0000243
335,335,MWROW5-20,88,2.72E-07,2500.002613,351.9996321
336,336,MWROW5-20,132,2.72E-07,2500.000095,527.9999799
337,337,MWROW5-20,136,2.72E-07,2500.000095,543.9999793
338,338,MWROW5-20,66,2.71E-07,2491.815574,264.8671141
339,339,MWROW5-20,130,2.71E-07,2485.301783,523.0753098
340,340,MWROW5-20,136,2.72E-07,2500.000837,543.9998179
341,341,MWROW5-20,140,2.72E-07,2499.998594,560.0003149
342,342,MWROW5-20,126,2.69E-07,2474.008091,509.2950199
343,343,MWROW5-20,132,2.72E-07,2500.000448,527.9999054
344,344,MWROW5-20,94,2.72E-07,2500.001301,375.9998043
345,345,MWROW5-20,104,2.72E-07,2500.004807,415.9992001
346,346,MWROW5-20,148,2.72E-07,2500.006621,591.9984322
347,347,MWROW5-20,146,2.69E-07,2469.837453,591.1320189
348,348,MWROW5-20,196,2.72E-07,2499.970408,784.0092802
349,349,MWROW5-20,228,2.72E-07,2500.00178,911.9993507
350,350,MWROW5-20,156,2.71E-07,2491.145775,626.2178696
351,351,MWROW5-20,188,2.72E-07,2500.001171,751.9996478
352,352,MWROW5-20,126,2.68E-07,2459.694722,512.2586916
353,353,MWROW5-20,412,4.81E-07,4421.396652,931.8322522
354,354,MWROW5-20,180,2.72E-07,2500.00185,719.9994672
355,355,MWROW5-20,156,2.72E-07,2499.996747,624.0008119
356,356,MWROW5-20,248,2.72E-07,2500.007456,991.9970415
357,357,MWROW5-20,118,2.68E-07,2465.059391,478.6902921
358,358,MWROW5-20,144,2.71E-07,2485.466851,579.3680167
359,359,MWROW5-20,180,2.72E-07,2500.0012,719.9996544
360,360,MWROW5-20,104,2.68E-07,2460.186732,422.7321392
361,361,MWROW5-20,162,2.72E-07,2499.999071,648.0002408
362,362,MWROW5-20,132,2.72E-07,2499.999434,528.0001195
363,363,MWROW5-20,142,2.72E-07,2500.003032,567.9993111
364,364,MWROW5-20,274,2.66E-07,2439.192743,1123.322463
365,365,MWROW5-20,92,2.72E-07,2499.987096,368.0018995
366,366,MWROW5-20,96,2.72E-07,2500.002955,383.9995461
367,367,MWROW5-20,82,2.72E-07,2500.000469,327.9999385
368,368,MWROW5-20,92,2.70E-07,2483.733833,370.4100608
369,369,MWROW5-20,104,2.72E-07,2499.999785,416.0000358
370,370,MWROW5-20,178,2.72E-07,2499.996333,712.0010444
371,371,MWROW5-20,154,2.72E-07,2500.001256,615.9996905
372,372,MWROW5-20,124,2.72E-07,2500.002934,495.9994179
373,373,MWROW5-20,130,2.72E-07,2500.000635,519.9998679
374,374,MWROW5-20,142,2.72E-07,2500.000598,567.9998641
375,375,MWROW5-20,116,2.72E-07,2500.000847,463.9998428
376,376,MWROW5-20,98,2.72E-07,2500.006062,391.9990495
377,377,MWROW5-20,88,2.72E-07,2500.00101,351.9998578
378,378,MWROW5-20,86,2.69E-07,2473.278257,347.7166379
379,379,MWROW5-20,60,2.72E-07,2500.005036,239.9995165
380,380,MWROW5-20,96,2.72E-07,2499.997978,384.0003106
381,381,MWROW5-20,102,2.72E-07,2500.000441,407.999928
382,382,MWROW5-20,88,2.72E-07,2499.997995,352.0002823
383,383,MWROW5-20,200,4.92E-07,4518.260047,442.6482715
384,384,MWROW5-20,94,2.67E-07,2457.66654,382.4766235
385,385,MWROW5-20,70,2.72E-07,2499.991828,280.0009153
386,386,MWROW5-20,84,2.72E-07,2499.999187,336.0001093
387,387,MWROW5-20,114,2.72E-07,2500.003131,455.9994289
388,388,MWROW5-20,112,2.72E-07,2499.999839,448.0000289
389,389,MWROW5-20,266,2.72E-07,2499.997405,1064.001104
390,390,MWROW5-20,430,2.70E-07,2477.061037,1735.928157
391,391,MWROW5-20,128,2.72E-07,2500.003249,511.9993346
392,392,MWROW5-20,144,2.68E-07,2457.17226,586.0394989
393,393,MWROW5-20,168,2.72E-07,2500.00629,671.9983093
394,394,MWROW5-20,268,3.78E-07,3474.837167,771.2591616
395,395,MWROW20-60,124,2.71E-07,2485.603399,498.8728292
396,396,MWROW20-60,262,2.69E-07,2471.374003,1060.139014
397,397,MWROW20-60,162,2.72E-07,2500.000147,647.9999619
398,398,MWROW20-60,120,2.69E-07,2472.80093,485.2796622
399,399,MWROW20-60,170,2.69E-07,2473.36927,687.3215498
400,400,MWROW20-60,162,2.72E-07,2500.004364,647.9988689
401,401,MWROW20-60,58,2.72E-07,2499.997807,232.0002035
402,402,MWROW20-60,202,2.72E-07,2500.002158,807.9993025
403,403,MWROW20-60,276,2.72E-07,2499.997955,1104.000903
404,404,MWROW20-60,274,2.72E-07,2500.000001,1096
405,405,MWROW20-60,280,2.70E-07,2481.832026,1128.198835
406,406,MWROW20-60,282,2.72E-07,2500.000881,1127.999602
407,407,MWROW20-60,368,2.70E-07,2482.809909,1482.191603
408,408,MWROW20-60,206,2.72E-07,2500.000148,823.9999512
409,409,MWROW20-60,162,2.72E-07,2500.003215,647.9991667
410,410,MWROW20-60,352,2.72E-07,2499.998379,1408.000913
411,411,MWROW20-60,214,2.72E-07,2499.999815,856.0000633
412,412,MWROW20-60,172,2.72E-07,2500.003361,687.9990751
413,413,MWROW20-60,196,2.72E-07,2500.002768,783.999132
414,414,MWROW20-60,184,2.72E-07,2499.993782,736.0018306
415,415,MWROW20-60,132,2.72E-07,2499.997919,528.0004395
416,416,MWROW20-60,94,2.72E-07,2499.999678,376.0000484
417,417,MWROW20-60,210,2.69E-07,2474.694344,848.5896471
418,418,MWROW20-60,388,2.79E-07,2559.314668,1516.030853
419,419,MWROW20-60,204,2.72E-07,2500.003727,815.9987835
420,420,MWROW20-60,116,2.72E-07,2499.997772,464.0004135
421,421,MWROW20-60,88,2.72E-07,2500.002771,351.9996098
422,422,MWROW20-60,140,2.72E-07,2499.993165,560.001531
423,423,MWROW20-60,156,2.72E-07,2500.001724,623.9995697
424,424,MWROW20-60,158,2.72E-07,2499.99565,632.0010997
425,425,MWROW20-60,118,2.72E-07,2499.996945,472.0005768
426,426,MWROW20-60,364,5.18E-07,4755.595787,765.4140854
427,427,MWROW20-60,154,2.69E-07,2471.8156,623.023821
428,428,MWROW20-60,82,2.70E-07,2476.86989,331.0630095
429,429,MWROW20-60,346,4.51E-07,4138.325433,836.0869767
430,430,MWROW20-60,156,2.72E-07,2499.997797,624.0005499
431,431,MWROW20-60,164,2.70E-07,2480.130472,661.2555341
432,432,MWROW20-60,170,2.72E-07,2500.005778,679.9984284
433,433,MWROW20-60,182,2.72E-07,2500.003665,727.9989328
434,434,MWROW20-60,202,2.72E-07,2499.997901,808.0006784
435,435,MWROW20-60,282,2.72E-07,2499.998563,1128.000648
436,436,MWROW20-60,180,2.72E-07,2500.001105,719.9996818
437,437,MWROW20-60,220,2.68E-07,2464.554754,892.656167
438,438,MWROW20-60,246,2.72E-07,2500.000574,983.9997741
439,439,MWROW20-60,232,2.72E-07,2500.000788,927.9997075
440,440,MWROW20-60,284,2.72E-07,2499.998358,1136.000746
441,441,MWROW20-60,168,2.72E-07,2499.998103,672.0005099
442,442,MWROW20-60,110,2.72E-07,2499.994161,440.0010277
443,443,MWROW20-60,94,2.72E-07,2499.999516,376.0000728
444,444,MWROW20-60,64,2.72E-07,2500.000228,255.9999767
445,445,MWROW20-60,90,2.72E-07,2500.000527,359.9999241
446,446,MWROW20-60,96,2.72E-07,2499.997335,384.0004093
447,447,MWROW20-60,116,2.72E-07,2499.99576,464.0007869
448,448,MWROW20-60,100,2.70E-07,2481.542686,402.9751354
449,449,MWROW20-60,318,5.67E-07,5208.103818,610.5869067
450,450,MWROW20-60,162,2.72E-07,2500.011525,647.9970127
451,451,MWROW20-60,226,2.72E-07,2500.001742,903.9993701
452,452,MWROW20-60,166,2.71E-07,2489.242845,666.8694472
453,453,MWROW20-60,308,2.72E-07,2500.006178,1231.996955
454,454,MWROW20-60,138,2.72E-07,2499.991825,552.001805
455,455,MWROW20-60,300,2.72E-07,2500.00947,1199.995454
456,456,MWROW20-60,84,2.72E-07,2499.999849,336.0000203
457,457,MWROW20-60,132,2.72E-07,2499.998595,528.0002967
458,458,MWROW20-60,92,2.69E-07,2470.447883,372.4021083
459,459,MWROW20-60,224,2.72E-07,2500.00245,895.9991219
460,460,MWROW20-60,244,2.69E-07,2466.619846,989.2079657
461,461,MWROW20-60,234,2.72E-07,2500.000088,935.9999671
462,462,MWROW20-60,130,2.72E-07,2500.001986,519.9995869
463,463,MWROW20-60,162,2.69E-07,2473.08163,655.0531856
464,464,MWROW20-60,168,2.72E-07,2499.997663,672.0006282
465,465,MWROW20-60,236,2.72E-07,2499.998935,944.0004021
466,466,MWROW20-60,180,2.72E-07,2499.998949,720.0003027
467,467,MWROW20-60,322,2.71E-07,2491.661775,1292.310229
468,468,MWROW20-60,220,2.72E-07,2500.000631,879.9997779
469,469,MWROW20-60,208,2.72E-07,2499.997046,832.0009831
470,470,MWROW20-60,196,2.72E-07,2499.999465,784.0001678
471,471,MWROW20-60,126,2.72E-07,2499.997613,504.0004812
472,472,MWROW20-60,198,2.72E-07,2497.844972,792.6833019
473,473,MWROW20-60,112,2.72E-07,2500.001428,447.9997441
474,474,MWROW20-60,90,2.72E-07,2500.00302,359.9995651
475,475,MWROW20-60,186,2.72E-07,2500.003142,743.9990649
476,476,MWROW20-60,388,2.72E-07,2499.996408,1552.00223
477,477,MWROW20-60,186,2.68E-07,2458.347728,756.6057392
478,478,MWROW20-60,184,2.72E-07,2500.003512,735.9989661
479,479,MWROW20-60,308,2.72E-07,2499.999297,1232.000346
480,480,MWROW20-60,276,2.72E-07,2499.99721,1104.001232
481,481,MWROW20-60,256,2.72E-07,2499.998584,1024.00058
482,482,MWROW20-60,218,2.72E-07,2500.005314,871.9981465
483,483,MWROW20-60,250,2.72E-07,2500.002866,999.9988536
484,484,MWROW20-60,128,2.71E-07,2488.2143,514.4251442
485,485,MWROW20-60,242,2.72E-07,2500.002457,967.9990487
486,486,MWROW20-60,224,2.72E-07,2499.997039,896.0010612
487,487,MWROW20-60,232,2.73E-07,2508.86107,924.7223881
488,488,MWROW20-60,220,2.69E-07,2472.80136,889.679226
489,489,MWROW20-60,198,2.70E-07,2480.103939,798.3536371
490,490,MWROW20-60,164,2.72E-07,2499.996303,656.0009701
491,491,MWROW20-60,222,2.72E-07,2500.002666,887.999053
492,492,MWROW20-60,188,2.72E-07,2500.000204,751.9999386
493,493,MWROW20-60,216,2.72E-07,2499.996632,864.001164
494,494,MWROW20-60,218,2.72E-07,2499.99992,872.0000279
495,495,MWROW20-60,200,2.72E-07,2500.001081,799.9996541
496,496,MWROW20-60,216,2.72E-07,2499.998736,864.0004368
497,497,MWROW20-60,198,2.72E-07,2499.996343,792.0011585
498,498,MWROW20-60,178,3.34E-07,3067.505114,580.2761312
499,499,MWROW20-60,58,2.72E-07,2499.99544,232.0004232
500,500,MWROW20-60,40,2.72E-07,2499.994655,160.0003421
501,501,MWROW20-60,92,2.72E-07,2499.998839,368.0001709
502,502,MWROW20-60,154,2.69E-07,2467.826862,624.0308118
503,503,MWROW20-60,186,2.72E-07,2500.001209,743.9996402
504,504,MWROW20-60,202,2.72E-07,2499.999594,808.0001312
505,505,MWROW20-60,180,2.72E-07,2496.408371,721.0358773
506,506,MWROW20-60,218,2.70E-07,2476.624112,880.2304675
507,507,MWROW20-60,172,2.72E-07,2499.998057,688.0005347
508,508,MWROW20-60,76,2.72E-07,2499.991647,304.0010157
509,509,MWROW20-60,128,2.72E-07,2499.998487,512.0003099
510,510,MWROW20-60,106,2.72E-07,2500.001859,423.9996847
511,511,MWROW20-60,110,2.72E-07,2499.997978,440.0003559
512,512,MWROW20-60,100,2.72E-07,2500.020679,399.9966914
513,513,MWROW20-60,60,2.72E-07,2500.00054,239.9999482
514,514,MWROW20-60,208,2.70E-07,2480.484667,838.5458002
515,515,MWROW20-60,224,2.72E-07,2499.999073,896.0003322
516,516,MWROW20-60,200,2.72E-07,2500.001598,799.9994886
517,517,MWROW20-60,162,2.72E-07,2500.004123,647.9989313
518,518,MWROW20-60,136,2.68E-07,2463.380902,552.0867678
519,519,MWROW20-60,224,2.72E-07,2500.037751,895.9864702
520,520,MWROW20-60,460,2.71E-07,2494.622567,1843.966322
521,521,MWROW20-60,292,2.72E-07,2499.996076,1168.001833
522,522,MWROW20-60,98,2.72E-07,1630.679113,600.9766067
523,523,MWROW20-60,218,2.68E-07,2457.244829,887.1724845
524,524,MWROW20-60,208,2.72E-07,2500.000873,831.9997095
525,525,MWROW60-100,210,2.65E-07,2431.820003,863.5507552
526,526,MWROW60-100,220,2.72E-07,2499.983574,880.005782
527,527,MWROW60-100,98,2.72E-07,2499.997596,392.0003769
528,528,MWROW60-100,230,2.72E-07,2499.999171,920.0003051
529,529,MWROW60-100,102,2.72E-07,2499.996053,408.0006442
530,530,MWROW60-100,148,2.67E-07,2455.819208,602.6502257
531,531,MWROW60-100,192,2.72E-07,2500.002833,767.9991297
532,532,MWROW60-100,210,2.72E-07,2499.998151,840.0006213
533,533,MWROW60-100,170,2.72E-07,2500.004705,679.9987202
534,534,MWROW60-100,162,2.72E-07,2500.002591,647.9993284
535,535,MWROW60-100,210,2.72E-07,2500.000168,839.9999436
536,536,MWROW60-100,170,2.72E-07,2499.999046,680.0002595
537,537,MWROW60-100,130,2.69E-07,2470.077075,526.2993666
538,538,MWROW60-100,218,2.72E-07,2500.003013,871.9989491
539,539,MWROW60-100,200,2.72E-07,2499.995499,800.0014403
540,540,MWROW60-100,228,2.71E-07,2485.071554,917.478612
541,541,MWROW60-100,260,2.69E-07,2468.040349,1053.46738
542,542,MWROW60-100,196,2.72E-07,2499.99943,784.0001788
543,543,MWROW60-100,380,2.72E-07,2499.998087,1520.001163
544,544,MWROW60-100,326,2.72E-07,2500.002688,1303.998598
545,545,MWROW60-100,382,2.72E-07,2499.982696,1528.010576
546,546,MWROW60-100,346,2.72E-07,2499.984031,1384.00884
547,547,MWROW60-100,294,2.72E-07,2498.887304,1176.523645
548,548,MWROW60-100,256,2.70E-07,2477.236484,1033.409615
549,549,MWROW60-100,224,2.72E-07,2499.996838,896.0011333
550,550,MWROW60-100,184,2.67E-07,2455.613691,749.3035272
551,551,MWROW60-100,340,5.30E-07,4870.867106,698.0276665
552,552,MWROW60-100,110,2.68E-07,2463.462929,446.5258994
553,553,MWROW60-100,106,2.72E-07,2500.000013,423.9999978
554,554,MWROW60-100,18,2.72E-07,587.4960186,306.385055
555,555,MWROW60-100,216,2.72E-07,2499.998703,864.0004482
556,556,MWROW60-100,162,2.72E-07,2499.9979,648.0005443
557,557,MWROW60-100,218,2.72E-07,2499.99812,872.0006557
558,558,MWROW60-100,298,2.72E-07,2500.001687,1191.999196
559,559,MWROW60-100,310,2.72E-07,2500.003112,1239.998456
560,560,MWROW60-100,272,2.72E-07,2500.001553,1087.999324
561,561,MWROW60-100,456,2.72E-07,2499.999207,1824.000579
562,562,MWROW60-100,264,2.72E-07,2500.001552,1055.999344
563,563,MWROW60-100,190,2.72E-07,2500.000675,759.9997948
564,564,MWROW60-100,218,2.72E-07,2500.003132,871.9989076
565,565,MWROW60-100,370,2.72E-07,2499.998132,1480.001106
566,566,MWROW60-100,300,2.72E-07,2499.998005,1200.000958
567,567,MWROW60-100,258,2.72E-07,2500.000161,1031.999934
568,568,MWROW60-100,214,2.72E-07,2500.000161,855.9999449
569,569,MWROW60-100,164,2.72E-07,2499.999096,656.0002372
570,570,MWROW60-100,104,2.72E-07,2500.000777,415.9998707
571,571,MWROW60-100,134,2.72E-07,2499.99905,536.0002037
572,572,MWROW60-100,210,2.72E-07,2499.998865,840.0003814
573,573,MWROW60-100,188,2.72E-07,2499.998157,752.0005544
574,574,MWROW60-100,138,2.72E-07,2500.005372,551.9988139
575,575,MWROW60-100,82,2.72E-07,2494.769386,328.6876954
576,576,MWROW60-100,106,2.72E-07,2500.001881,423.999681
577,577,MWROW60-100,258,2.72E-07,2500.00035,1031.999856
578,578,MWROW60-100,110,2.72E-07,2499.994462,440.0009747
579,579,MWROW60-100,156,2.68E-07,2462.28004,633.55913
580,580,MWROW60-100,162,2.72E-07,2500.002284,647.999408
581,581,MWROW60-100,128,2.72E-07,2500.000443,511.9999093
582,582,MWROW60-100,104,2.72E-07,2499.99736,416.0004393
583,583,MWROW60-100,98,2.71E-07,2489.392681,393.6703146
584,584,MWROW60-100,104,2.72E-07,2499.999352,416.0001078
585,585,MWROW60-100,88,2.72E-07,2499.998387,352.0002271
586,586,MWROW60-100,54,2.72E-07,1765.210536,305.9125181
587,587,MWROW60-100,174,2.72E-07,2500.002997,695.9991656
588,588,MWROW60-100,126,2.72E-07,2497.559452,504.4924953
589,589,MWROW60-100,192,2.69E-07,2474.552739,775.8977894
590,590,MWROW60-100,300,2.72E-07,2499.997479,1200.00121
591,591,MWROW60-100,310,3.64E-07,3344.328588,926.9424096
592,592,MWROW60-100,192,2.72E-07,2500.000824,767.9997469
593,593,MWROW60-100,138,2.72E-07,2499.999516,552.0001069
594,594,MWROW60-100,88,2.72E-07,2499.999715,352.0000401
595,595,MWROW60-100,134,2.72E-07,2500.000527,535.999887
596,596,MWROW60-100,110,2.72E-07,2499.997998,440.0003524
597,597,MWROW60-100,106,2.72E-07,2499.999175,424.0001399
598,598,MWROW60-100,130,2.72E-07,2499.995599,520.0009154
599,599,MWROW60-100,138,2.70E-07,2481.566755,556.1002932
600,600,MWROW60-100,110,2.72E-07,2499.973124,440.0047302
601,601,MWROW60-100,232,2.72E-07,2500.004484,927.9983355
602,602,MWROW60-100,326,2.72E-07,2500.005469,1303.997147
603,603,MWROW60-100,244,2.72E-07,2498.358662,976.6411993
604,604,MWROW60-100,256,2.72E-07,2500.001186,1023.999514
605,605,MWROW60-100,290,2.68E-07,2463.938843,1176.977265
606,606,MWROW60-100,272,2.72E-07,2500.003696,1087.998392
607,607,MWROW60-100,250,2.72E-07,2500.007549,999.9969804
608,608,MWROW60-100,244,2.70E-07,2483.386018,982.5294909
609,609,MWROW60-100,186,2.72E-07,2499.996928,744.0009142
610,610,MWROW60-100,224,2.72E-07,2499.994492,896.0019741
611,611,MWROW60-100,50,2.72E-07,1673.957903,298.693294
612,612,MWROW60-100,52,2.72E-07,2257.741555,230.3186558
613,613,MWROW60-100,166,2.69E-07,2471.696297,671.6035469
614,614,MWROW60-100,280,2.72E-07,2499.999154,1120.000379
615,615,MWROW60-100,370,2.72E-07,2500.000785,1479.999535
616,616,MWROW60-100,530,4.28E-07,3933.585698,1347.371179
617,617,MWROW60-100,380,2.72E-07,2498.975707,1520.623025
618,618,MWROW60-100,154,2.70E-07,2481.901081,620.4920945
619,619,MWROW60-100,188,2.72E-07,2499.99722,752.0008362
620,620,MWROW60-100,170,2.69E-07,2466.058195,689.3592387
621,621,MWROW60-100,114,2.72E-07,2499.999597,456.0000735
622,622,MWROW60-100,170,2.72E-07,2499.986439,680.0036886
623,623,MWROW60-100,158,2.72E-07,2499.99315,632.0017317
624,624,MWROW60-100,202,2.72E-07,2500.003442,807.9988875
625,625,MWROW60-100,250,2.72E-07,2500.002384,999.9990464
626,626,MWROW60-100,156,2.72E-07,2500.002613,623.9993478
627,627,MWROW60-100,204,2.72E-07,2500.000065,815.9999788
628,628,MWROW60-100,230,2.72E-07,2499.999705,920.0001086
629,629,MWROW60-100,198,2.72E-07,2499.997722,792.0007217
630,630,MWROW60-100,152,2.72E-07,2500.005643,607.9986276
631,631,MWROW60-100,176,2.71E-07,2485.303458,708.163019
632,632,MWROW60-100,182,2.72E-07,2499.997451,728.0007423
633,633,MWROW60-100,258,3.06E-07,2808.042299,918.7895784
634,634,MWROW60-100,278,2.72E-07,2497.957369,1112.909305
635,635,MWROW60-100,124,2.72E-07,2499.986565,496.0026655
636,636,MWROW60-100,150,2.72E-07,2499.998928,600.0002573
637,637,MWROW60-100,180,2.71E-07,2485.594373,724.1728657
638,638,MWROW60-100,176,2.72E-07,2500.003879,703.9989077
639,639,MWROW60-100,212,2.72E-07,2500.001037,847.9996482
640,640,MWROW60-100,118,2.72E-07,2499.998594,472.0002655
641,641,MWROW60-100,260,2.72E-07,2500.003391,1039.998589
642,642,MWROW60-100,286,2.68E-07,2460.996101,1162.131057
643,643,MWROW60-100,258,2.72E-07,2499.996417,1032.001479
644,644,MWROW60-100,154,2.72E-07,2499.996429,616.0008799
645,645,MWROW60-100,278,2.72E-07,2499.998452,1112.000689
646,646,MWROW60-100,162,2.70E-07,2478.972572,653.4965406
647,647,MWROW60-100,258,2.72E-07,2500.002552,1031.998947
648,648,MWROW60-100,164,2.72E-07,2500.214175,655.9438053
649,649,MWROW60-100,174,2.72E-07,2499.996566,696.000956
650,650,MWROW60-100,244,2.71E-07,2491.113343,979.4817273
651,651,MWROW60-100,278,2.72E-07,2499.996758,1112.001442
652,652,MWROW60-100,272,2.68E-07,2462.953585,1104.365107
653,653,MWROW60-100,302,2.72E-07,2500.001722,1207.999168
654,654,MWROW60-100,200,2.72E-07,2500.001197,799.999617
655,655,MWROW60-100,236,2.70E-07,2481.273817,951.1243716
656,656,MWROW60-100,242,2.72E-07,2500.003704,967.9985658
657,657,MWROW60-100,256,2.72E-07,2499.996432,1024.001461
658,658,MWROW60-100,234,2.72E-07,2499.999788,936.0000794
659,659,MWROW60-100,252,2.72E-07,2500.002457,1007.999009
660,660,MWROW60-100,236,2.72E-07,2499.999905,944.0000359
661,661,MWROW60-100,258,2.72E-07,2499.994906,1032.002103
662,662,MWROW60-100,282,2.72E-07,2500.003429,1127.998453
663,663,MWROW60-100,246,2.72E-07,2499.969734,984.0119128
664,664,MWROW60-100,206,2.72E-07,2499.999439,824.0001849
665,665,MWROW60-100,142,2.72E-07,2500.001499,567.9996594
666,666,MWROW60-100,122,2.72E-07,2499.998955,488.000204
667,667,MWROW60-100,182,2.72E-07,2499.996412,728.0010448
668,668,MWROW60-100,158,2.72E-07,2499.999957,632.0000109
669,669,MWROW60-100,140,2.72E-07,2500.001664,559.9996273
670,670,MWROW60-100,210,2.72E-07,2499.997742,840.0007587
671,671,MWROW60-100,226,2.72E-07,2499.997667,904.0008436
672,672,MWROW60-100,302,2.68E-07,2464.920677,1225.191556
673,673,MWROW60-100,142,2.72E-07,2499.996703,568.0007491
674,674,MWROW60-100,328,2.72E-07,2500.000111,1311.999942
675,675,MWROW60-100,100,2.72E-07,1990.091283,502.4895132
676,676,MWROW60-100,320,2.71E-07,2486.563307,1286.916762
677,677,MWROW60-100,352,2.72E-07,2499.997604,1408.001349
678,678,MWROW60-100,166,2.71E-07,2488.069018,667.1840644
679,679,MWROW60-100,262,2.72E-07,2500.00273,1047.998856
680,680,MWROW60-100,210,2.74E-07,2520.963405,833.0148688
681,681,MWROW60-100,282,2.72E-07,2500.001068,1127.999518
682,682,MWROW60-100,210,2.69E-07,2473.063019,849.1494086
683,683,MWROW60-100,186,2.68E-07,2459.279974,756.3189306
684,684,MWROW60-100,156,2.72E-07,2499.999241,624.0001894
685,685,MWROW60-100,382,3.92E-07,3600.206648,1061.050204
686,686,MWROW60-100,102,2.72E-07,2499.982333,408.0028833
687,687,MWROW60-100,148,2.70E-07,2484.244938,595.7544594
688,688,MWROW60-100,58,2.72E-07,2499.996932,232.0002847
689,689,MWROW60-100,78,2.71E-07,2485.236209,313.8534668
690,690,MWROW60-100,162,3.04E-07,2792.689825,580.0859034
691,691,MWROW60-100,96,2.71E-07,2489.907374,385.5565111
692,692,MWROW60-100,96,2.72E-07,2500.001958,383.9996993
693,693,MWROW60-100,60,2.72E-07,2500.000642,239.9999384
694,694,MWROW60-100,74,2.72E-07,2500.001144,295.9998646
695,695,MWROW60-100,74,2.72E-07,2499.993724,296.0007431
696,696,MWROW60-100,184,2.72E-07,2499.99707,736.0008626
697,697,MWROW60-100,302,2.72E-07,2499.997319,1208.001295
698,698,MWROW60-100,326,2.72E-07,2500.004269,1303.997773
699,699,MWROW60-100,194,2.70E-07,2481.489304,781.7885803
700,700,MWROW60-100,148,2.68E-07,2463.699085,600.7227137
701,701,MWROW60-100,162,2.72E-07,2500.000076,647.9999803
702,702,MWROW60-100,140,2.72E-07,2500.001504,559.9996631
703,703,MWROW60-100,146,2.71E-07,2489.94338,586.3587147
704,704,MWROW60-100,176,2.72E-07,2499.998239,704.0004959
705,705,MWROW60-100,108,2.72E-07,2499.997289,432.0004685
706,706,MWROW60-100,52,2.72E-07,1954.180853,266.0961493
707,707,MWROW60-100,0,2.72E-07,23.82600049,0
708,708,MWROW60-100,172,3.48E-07,3193.025042,538.6741342
709,709,MWROW60-100,138,2.72E-07,2499.996649,552.0007399
710,710,MWROW60-100,170,2.72E-07,2500.001598,679.9995653
711,711,MWROW60-100,202,2.72E-07,2500.001487,807.9995194
712,712,MWROW60-100,310,2.72E-07,2499.999982,1240.000009
713,713,MWROW60-100,168,2.72E-07,2499.997276,672.0007322
714,714,Soybeans_nonGMO,15434,9.12E-05,837635.819,184.2566859
715,715,Corn_nonGMO,11072,0.000194203,644552.9229,171.7779814
716,716,Corn_nonGMO,1564,2.25E-06,20684.18072,756.1334051
717,717,Corn_nonGMO,254,9.79E-07,8993.155705,282.4370091
718,718,Corn_nonGMO,2,9.79E-07,278.0192831,71.9374562
719,719,Corn_nonGMO,5294,1.61E-05,147528.1246,358.846831
720,720,Corn_nonGMO,334,9.79E-07,8993.137883,371.3942834
721,721,Corn_nonGMO,5486,3.78E-05,347520.9904,157.8609682
722,722,Corn_nonGMO,4408,6.83E-06,62798.83473,701.9238524
723,723,Corn_nonGMO,1088,1.33E-05,28051.97622,387.8514624
724,724,Corn_nonGMO,10164,7.79E-05,578288.7007,175.7599619
