FID,OBJECTID,CLASS_NAME,Shape_Leng,ProbEggs,Shape_Le_1,Shape_Area
0,1,Soybeans,0.031903302,0.002,554.7150713,1503.52881
1,2,Grass/Pasture,0.007600879,0.075,719.7442731,17087.001
2,3,Corn,0.097368588,0.002,3282.443672,468771.8824
3,4,Grass/Pasture,0.005804483,0.075,540.9793118,16242.1602
4,5,Developed/Open Space/Developed/Low Intensity,0.006086432,0.01,551.5976637,10841.40997
5,6,Cotton/Rice/Sorghum/Sunflower/Peanuts/Tobacco/Sweet Corn/Pop or Orn Corn/Mint/Barley/Durum Wheat/Spring Wheat/Winter Wheat/Other,0.007213429,0.005,718.0774795,21583.60215
6,7,Grass/Pasture,0.009016692,0.075,897.5965125,25180.86277
7,8,Corn,0.048716637,0.002,4560.870538,723048.1597
8,9,Grass/Pasture,0.009210038,0.075,898.4269062,32375.26909
9,10,Corn,0.026900333,0.002,2634.893866,260801.7696
10,11,Grass/Pasture,0.008866857,0.075,839.7017415,18885.68649
11,12,Corn,0.00589752,0.002,613.1924364,9940.181466
12,13,Corn,0.086630259,0.002,1744.96541,188695.8569
13,14,Soybeans,0.06099823,0.002,4624.188944,607701.7247
14,15,Grass/Pasture,0.007709693,0.075,773.163357,32100.93483
15,16,Corn,0.024458045,0.002,2440.063094,287227.9311
16,17,Soybeans,0.098250746,0.002,9008.572136,1330058.186
17,18,Corn,0.004862497,0.002,477.8084724,8961.58929
18,19,Corn,0.066733647,0.002,5079.864816,694421.0358
19,20,Corn,0.058093924,0.002,2084.989159,252657.4245
20,21,Soybeans,0.124972141,0.002,11988.74441,2001025.788
21,22,Soybeans,0.033517582,0.002,2112.703784,160288.9746
22,23,Grass/Pasture,0.042357396,0.075,3946.147343,104889.8185
23,24,Soybeans,0.06127606,0.002,2210.687541,170777.8376
24,25,Grass/Pasture,0.005453339,0.075,481.4997722,8993.151056
25,26,Corn,0.016465895,0.002,1559.444437,37771.32591
26,27,Cotton/Rice/Sorghum/Sunflower/Peanuts/Tobacco/Sweet Corn/Pop or Orn Corn/Mint/Barley/Durum Wheat/Spring Wheat/Winter Wheat/Other,0.007942708,0.005,778.4688738,18885.62884
27,28,Cotton/Rice/Sorghum/Sunflower/Peanuts/Tobacco/Sweet Corn/Pop or Orn Corn/Mint/Barley/Durum Wheat/Spring Wheat/Winter Wheat/Other,0.008329538,0.005,780.1402399,13489.73
28,29,Corn,0.016311253,0.002,1541.31172,145825.2699
29,30,Soybeans,0.033729005,0.002,3139.466429,306210.2939
30,31,Corn,0.012738195,0.002,1251.150803,63026.88531
31,32,Grass/Pasture,0.00476506,0.075,454.9397913,10575.55762
32,33,Grass/Pasture,0.006526094,0.075,600.6219529,16187.62285
33,34,Grass/Pasture,0.006139341,0.075,598.9504595,14389.07704
34,35,Grass/Pasture,0.072330881,0.075,6939.959611,297642.4656
35,36,Soybeans,0.006332663,0.002,599.7854527,17986.24069
36,37,Blank_/Developed/Med Intensity/Developed/High Intensity,0.005602698,0,539.3885702,16187.62384
37,38,Corn,0.038888736,0.002,3193.915544,312682.5467
38,39,Cotton/Rice/Sorghum/Sunflower/Peanuts/Tobacco/Sweet Corn/Pop or Orn Corn/Mint/Barley/Durum Wheat/Spring Wheat/Winter Wheat/Other,0.007225131,0.005,734.3167289,18746.01781
39,40,Corn,0.045257851,0.002,4457.630771,880454.4761
40,41,Developed/Open Space/Developed/Low Intensity,0.006268635,0.01,594.5464313,20296.31073
41,42,Grass/Pasture,0.008438994,0.075,865.1546034,20859.6744
42,43,Corn,0.006868941,0.002,198.8053612,127.861473
43,44,Grass/Pasture,0.008625653,0.075,796.8660768,23766.2881
44,45,Corn,0.042882655,0.002,4328.39793,608714.5231
45,46,Soybeans,0.073111707,0.002,5041.701056,627346.9536
46,47,Grass/Pasture,0.00473248,0.075,442.7972614,9456.408877
47,48,Soybeans,0.031385111,0.002,3078.025156,438782.0948
48,49,Corn,0.084786634,0.002,8214.85065,550975.1875
49,50,Soybeans,0.036574353,0.002,3483.781544,574874.6801
50,51,Developed/Open Space/Developed/Low Intensity,0.02686394,0.01,2226.691023,8192.667847
51,52,Grass/Pasture,0.009305046,0.075,857.744196,25278.09741
52,53,Cotton/Rice/Sorghum/Sunflower/Peanuts/Tobacco/Sweet Corn/Pop or Orn Corn/Mint/Barley/Durum Wheat/Spring Wheat/Winter Wheat/Other,0.009554131,0.005,895.5152093,21224.62109
53,54,Developed/Open Space/Developed/Low Intensity,0.004811177,0.01,454.4253747,8207.668432
54,55,Developed/Open Space/Developed/Low Intensity,0.005660928,0.01,504.6039296,10391.47759
55,56,Cotton/Rice/Sorghum/Sunflower/Peanuts/Tobacco/Sweet Corn/Pop or Orn Corn/Mint/Barley/Durum Wheat/Spring Wheat/Winter Wheat/Other,0.007598476,0.005,719.7436954,17086.97667
56,57,Soybeans,0.036046171,0.002,3402.782316,334092.387
57,58,Soybeans,0.136597384,0.002,3873.492213,512684.925
58,59,Soybeans,0.041840456,0.002,1406.611781,79721.02307
59,60,Forest/Deciduous Forest/Evergreen Forest/Mixed Forest/Woody Wetlands,0.005065526,0.002,479.8288324,9892.447111
60,61,Grass/Pasture,0.008104654,0.075,791.9750203,26212.94074
61,62,Soybeans,0.008671346,0.002,838.8612496,37771.18211
62,63,Soybeans,0.023180695,0.002,2160.907619,174466.676
63,64,Grass/Pasture,0.035317517,0.075,3273.648106,100360.3685
64,65,Soybeans,0.040855659,0.002,4136.621686,483923.3113
65,66,Grass/Pasture,0.087632178,0.075,8449.320543,561166.1643
66,67,Cotton/Rice/Sorghum/Sunflower/Peanuts/Tobacco/Sweet Corn/Pop or Orn Corn/Mint/Barley/Durum Wheat/Spring Wheat/Winter Wheat/Other,0.012663131,0.005,1199.572239,28778.04012
67,68,Corn,0.08949225,0.002,8306.418231,3064714.92
68,69,Grass/Pasture,0.007683968,0.075,731.106083,24545.16026
69,70,Corn,0.047589789,0.002,2246.695245,147253.7849
70,71,Grass/Pasture,0.008312283,0.075,757.7848925,21474.22652
71,72,Corn,0.016998644,0.002,1619.001256,108816.8956
72,73,Forest/Deciduous Forest/Evergreen Forest/Mixed Forest/Woody Wetlands,0.00686802,0.002,659.3443903,17986.27075
73,74,Developed/Open Space/Developed/Low Intensity,0.021946205,0.01,674.4583194,6653.997355
74,75,Corn,0.069655568,0.002,2745.310971,343120.023
75,76,Grass/Pasture,0.017041047,0.075,1561.96992,67448.94072
76,77,Forest/Deciduous Forest/Evergreen Forest/Mixed Forest/Woody Wetlands,0.005408491,0.002,538.5464861,10791.76503
77,78,Cotton/Rice/Sorghum/Sunflower/Peanuts/Tobacco/Sweet Corn/Pop or Orn Corn/Mint/Barley/Durum Wheat/Spring Wheat/Winter Wheat/Other,0.008327267,0.005,780.1413796,18885.56698
78,79,Corn,0.00798379,0.002,721.4261252,21583.60426
79,80,Soybeans,0.044641436,0.002,3833.960584,381501.9253
80,81,Corn,0.020192075,0.002,1762.881837,153824.319
81,82,Corn,0.022348005,0.002,1797.747351,191856.5073
82,83,Grass/Pasture,0.013519318,0.075,828.6930637,28416.84498
83,84,Grass/Pasture,0.047666395,0.075,3534.189743,217632.1974
84,85,Corn,0.035347206,0.002,2359.465092,167822.8967
85,86,Grass/Pasture,0.058633057,0.075,2552.195476,113737.6266
86,87,Soybeans,0.035915147,0.002,603.7856009,5929.596328
87,88,Soybeans,0.058139957,0.002,1244.623566,80265.79617
88,89,Soybeans,0.106131551,0.002,1744.460339,189539.6148
89,90,Developed/Open Space/Developed/Low Intensity,0.012402024,0.01,92.04682218,451.5807938
90,91,Developed/Open Space/Developed/Low Intensity,0.039638115,0.01,3357.683516,39440.78949
91,92,Developed/Open Space/Developed/Low Intensity,0.005859986,0.01,526.8130416,11301.23056
92,93,Developed/Open Space/Developed/Low Intensity,0.006024396,0.01,545.0548027,11050.74274
93,94,Corn,0.108546476,0.002,2114.199118,97329.54875
94,95,Developed/Open Space/Developed/Low Intensity,0.041179993,0.01,3924.240407,61839.5037
95,96,Developed/Open Space/Developed/Low Intensity,0.010958124,0.01,1119.282461,23253.24712
96,97,Developed/Open Space/Developed/Low Intensity,0.016683806,0.01,1744.584031,15136.11554
97,98,Developed/Open Space/Developed/Low Intensity,0.060561036,0.01,5637.67821,80024.34415
98,99,Developed/Open Space/Developed/Low Intensity,0.032551273,0.01,1389.028701,13557.17813
99,100,Developed/Open Space/Developed/Low Intensity,0.042417749,0.01,3640.100318,68284.22157
100,101,Developed/Open Space/Developed/Low Intensity,0.019894899,0.01,670.8322997,3546.066568
101,102,Developed/Open Space/Developed/Low Intensity,0.005290197,0.01,496.800569,10328.72784
102,103,Developed/Open Space/Developed/Low Intensity,0.00626501,0.01,592.1766513,14721.12754
103,104,Developed/Open Space/Developed/Low Intensity,0.008004427,0.01,798.7710477,19891.01974
104,105,Developed/Open Space/Developed/Low Intensity,0.029008255,0.01,3099.427073,33903.63238
105,106,Developed/Open Space/Developed/Low Intensity,0.031268742,0.01,3383.031334,44915.54123
106,107,Developed/Open Space/Developed/Low Intensity,0.012223748,0.01,1225.513876,17965.39717
107,108,Developed/Open Space/Developed/Low Intensity,0.014724879,0.01,67.17851554,148.9575918
108,109,MWROW0,0.002108982,0,200.0000005,2500.000013
109,110,MWROW0,0.002108975,0,200.0000005,2500.000013
110,111,MWROW0,0.002108966,0,200.0001015,2500.002537
111,112,MWROW0,0.002109258,0,199.9363176,2393.216793
112,113,MWROW0,0.00210957,0,199.9998503,2499.997087
113,114,MWROW0,0.002109566,0,199.9999366,2499.998415
114,115,MWROW0,0.002108182,0,199.8855486,2475.32225
115,116,MWROW0,0.002109569,0,200.00002,2500.005498
116,117,MWROW0,0.002109529,0,199.9999194,2499.997984
117,118,MWROW0,0.00210846,0,199.8909756,2454.965665
118,119,MWROW0,0.002106607,0,199.690501,2460.486851
119,120,MWROW0,0.002107238,0,199.7664623,2494.159658
120,121,MWROW0,0.002105481,0,199.613648,2480.773187
121,122,MWROW0,0.002108955,0,200.0000005,2500.000066
122,123,MWROW0,0.002108937,0,200.0000005,2500.000014
123,124,MWROW0,0.00261814,0,256.4611947,3352.636794
124,125,MWROW0,0.002109575,0,200.0000304,2500.000761
125,126,MWROW0,0.002109576,0,199.9999013,2499.997533
126,127,MWROW0,0.002109575,0,199.9999018,2499.996612
127,128,MWROW0,0.002109576,0,200.0001108,2500.002771
128,129,MWROW0,0.002109577,0,199.9992881,2499.972118
129,130,MWROW0,0.002107712,0,199.7903557,2494.759563
130,131,MWROW0,0.002109616,0,199.9998498,2499.996246
131,132,MWROW0,0.002109659,0,199.9997724,2499.99587
132,133,MWROW0,0.002109679,0,200.00017,2500.002613
133,134,MWROW0,0.002109685,0,199.9999702,2500.000015
134,135,MWROW0,0.002105016,0,199.4799166,2476.512263
135,136,MWROW0,0.002109001,0,199.9200934,2478.797504
136,137,MWROW0,0.002109726,0,200.0000778,2500.000108
137,138,MWROW0,0.002107028,0,199.6956255,2474.259566
138,139,MWROW0,0.002109903,0,200.0000371,2499.999976
139,140,MWROW0,0.002841167,0,282.8169881,4443.794105
140,141,MWROW0,0.002109845,0,200.0000482,2500.001204
141,142,MWROW0,0.002109846,0,200.0000457,2499.999719
142,143,MWROW0,0.002109849,0,200.0000442,2500.001307
143,144,MWROW0,0.002109846,0,199.9998442,2499.996106
144,145,MWROW0,0.002109846,0,199.9998443,2499.993803
145,146,MWROW0,0.00210985,0,200.0000046,2499.999196
146,147,MWROW0,0.002107996,0,199.8476993,2492.262947
147,148,MWROW0,0.002109837,0,199.9999217,2499.996336
148,149,MWROW0,0.002109837,0,200.0000211,2500.000528
149,150,MWROW0,0.002106319,0,199.7091224,2466.690549
150,151,MWROW0,0.00210984,0,199.9999114,2499.997951
151,152,MWROW0,0.002109838,0,200.0001607,2500.004795
152,153,MWROW0,0.002109784,0,199.9998818,2499.999927
153,154,MWROW0,0.002105982,0,199.5794896,2474.578946
154,155,MWROW0,0.002107359,0,199.7347615,2495.993654
155,156,MWROW0,0.002109727,0,200.0000831,2500.000402
156,157,MWROW0,0.002109704,0,200.0000137,2500.000514
157,158,MWROW0,0.002109686,0,199.9998118,2499.9964
158,159,MWROW0,0.002109682,0,200.0003232,2500.007887
159,160,MWROW0,0.002705008,0,256.7095968,3620.486789
160,161,MWROW0,0.002107196,0,199.3476629,2476.998003
161,162,MWROW0,0.00210959,0,200.0000806,2500.002015
162,163,MWROW0,0.002109847,0,199.999994,2499.999849
163,164,MWROW0,0.002109838,0,200.0000132,2499.998136
164,165,MWROW0,0.002109751,0,199.9998401,2499.997228
165,166,MWROW0,0.002109702,0,200.0000555,2499.999562
166,167,MWROW0,0.002107924,0,199.8043359,2468.991939
167,168,MWROW0,0.002108955,0,198.9880276,2474.699574
168,169,MWROW0,0.002109539,0,199.9998053,2499.995203
169,170,MWROW0,0.002109431,0,200.0001045,2500.002613
170,171,MWROW0,0.002109416,0,200.0000038,2500.000095
171,172,MWROW0,0.002109354,0,199.9999016,2499.997764
172,173,MWROW0,0.002109295,0,199.9998342,2499.996884
173,174,MWROW0,0.002109316,0,199.9999438,2499.998072
174,175,MWROW0,0.002109301,0,199.9999588,2499.998971
175,176,MWROW0,0.002109302,0,199.9998572,2499.996429
176,177,MWROW0,0.002109304,0,199.9998191,2499.998825
177,178,MWROW0,0.002109295,0,200.0000164,2499.999788
178,179,MWROW0,0.002109226,0,199.9999602,2500.000696
179,180,MWROW0,0.002109241,0,200.000271,2500.004932
180,181,MWROW0,0.002109232,0,200.0000764,2499.998746
181,182,MWROW0,0.002109161,0,199.9990631,2499.975896
182,183,MWROW0,0.002103341,0,199.5281055,2488.213675
183,184,MWROW0,0.002109031,0,199.9999547,2499.998867
184,185,MWROW0,0.002109027,0,200.0000087,2499.998558
185,186,MWROW0,0.002109008,0,199.9982372,2499.954864
186,187,MWROW0,0.002109025,0,200.0000624,2500.001561
187,188,MWROW0,0.002109542,0,200.0001068,2500.003044
188,189,MWROW0,0.002109535,0,200.0000069,2500.000172
189,190,MWROW0,0.002109489,0,200.0000189,2499.996767
190,191,MWROW0,0.002109406,0,199.9999363,2499.999325
191,192,MWROW0,0.002109399,0,200.0000363,2500.002424
192,193,MWROW0,0.002109381,0,200.0000212,2500.000005
193,194,MWROW0,0.002109371,0,199.9999204,2500.00086
194,195,MWROW0,0.002109293,0,199.9999608,2499.9982
195,196,MWROW0,0.002109294,0,200.0000176,2500.000622
196,197,MWROW0,0.002109295,0,200.0000996,2500.002368
197,198,MWROW0,0.002109296,0,200.0000533,2500.001333
198,199,MWROW0,0.002109297,0,200.0000867,2500.000637
199,200,MWROW0,0.002109249,0,199.999981,2499.999526
200,201,MWROW0,0.002098278,0,198.7788361,2454.234989
201,202,MWROW0,0.002103025,0,199.5038224,2468.006102
202,203,MWROW0,0.002076711,0,196.4324396,2409.644427
203,204,MWROW0,0.002103375,0,199.3694095,2489.491191
204,205,MWROW0,0.002108962,0,200.0001158,2500.002896
205,206,MWROW0,0.002109893,0,199.9999928,2499.999901
206,207,MWROW0,0.002109886,0,199.9999928,2499.999821
207,208,MWROW0,0.003216614,0,303.6044236,4695.573325
208,209,MWROW1-5,0.002108959,0.05,200.0000005,2500.000013
209,210,MWROW1-5,0.002109522,0.05,200.0003193,2500.006234
210,211,MWROW1-5,0.002109371,0.05,200.0001235,2500.002903
211,212,MWROW1-5,0.002109338,0.05,199.9999358,2499.995053
212,213,MWROW1-5,0.00210694,0.05,199.7829966,2494.570588
213,214,MWROW1-5,0.002106687,0.05,199.7610525,2452.36094
214,215,MWROW1-5,0.002109575,0.05,199.9999013,2499.997533
215,216,MWROW1-5,0.002109644,0.05,199.9999702,2499.997869
216,217,MWROW1-5,0.002109669,0.05,200.0000688,2500.00172
217,218,MWROW1-5,0.002109766,0.05,200.0000504,2500.001392
218,219,MWROW1-5,0.002109885,0.05,199.9999022,2500.000048
219,220,MWROW1-5,0.002109311,0.05,199.955563,2492.410987
220,221,MWROW1-5,0.002109843,0.05,200.000033,2500.000824
221,222,MWROW1-5,0.002107405,0.05,199.7987135,2476.184367
222,223,MWROW1-5,0.002109836,0.05,199.9999627,2499.998791
223,224,MWROW1-5,0.002111436,0.05,200.1321426,2497.789432
224,225,MWROW1-5,0.002109837,0.05,199.9998809,2499.997023
225,226,MWROW1-5,0.002109837,0.05,199.9999217,2499.998042
226,227,MWROW1-5,0.002109838,0.05,200.0000211,2500.000534
227,228,MWROW1-5,0.00210984,0.05,199.9998235,2499.991845
228,229,MWROW1-5,0.002101674,0.05,199.0964671,2477.411647
229,230,MWROW1-5,0.002109696,0.05,200.0000136,2500.001869
230,231,MWROW1-5,0.002108865,0.05,199.918818,2477.84407
231,232,MWROW1-5,0.002109844,0.05,199.9998647,2499.996307
232,233,MWROW1-5,0.002109811,0.05,199.9999735,2499.998782
233,234,MWROW1-5,0.002109796,0.05,199.9993789,2499.985895
234,235,MWROW1-5,0.002109778,0.05,199.9993515,2499.981601
235,236,MWROW1-5,0.002109583,0.05,199.9999185,2499.998469
236,237,MWROW1-5,0.002109523,0.05,199.9999031,2499.997577
237,238,MWROW1-5,0.002109304,0.05,199.9989891,2499.976156
238,239,MWROW1-5,0.002109299,0.05,199.9999356,2499.99839
239,240,MWROW1-5,0.002109304,0.05,200.0000571,2500.001428
240,241,MWROW1-5,0.002109295,0.05,200.0001154,2499.999675
241,242,MWROW1-5,0.00209867,0.05,198.82398,2454.106534
242,243,MWROW1-5,0.002100428,0.05,199.0306255,2460.696437
243,244,MWROW1-5,0.002109081,0.05,200.0000479,2500.0029
244,245,MWROW1-5,0.00210906,0.05,200.0000202,2500.001352
245,246,MWROW1-5,0.002109037,0.05,199.9997407,2499.999395
246,247,MWROW1-5,0.00210904,0.05,199.9999962,2499.999905
247,248,MWROW1-5,0.002109041,0.05,200.0000004,2500.000011
248,249,MWROW1-5,0.002107881,0.05,199.9049896,2498.054996
249,250,MWROW1-5,0.002018279,0.05,190.4973659,2344.872921
250,251,MWROW1-5,0.002109527,0.05,200.0000069,2500.000909
251,252,MWROW1-5,0.002109316,0.05,200.0000881,2500.001993
252,253,MWROW1-5,0.002110614,0.05,200.1561482,2500.802969
253,254,MWROW1-5,0.002109195,0.05,199.9999077,2500.000304
254,255,MWROW1-5,0.002109087,0.05,199.9999191,2499.997978
255,256,MWROW1-5,0.002109292,0.05,199.9999649,2499.998682
256,257,MWROW1-5,0.00210894,0.05,199.9998059,2499.998014
257,258,MWROW1-5,0.002109918,0.05,184.9560825,2123.888847
258,259,MWROW1-5,0.002111271,0.05,200.1755871,2435.684913
259,260,MWROW5-20,0.002108931,0.075,169.8362595,1745.899211
260,261,MWROW5-20,0.002109564,0.075,199.9999194,2499.997984
261,262,MWROW5-20,0.00210957,0.075,199.9999504,2499.998761
262,263,MWROW5-20,0.00210957,0.075,200.0000503,2500.002555
263,264,MWROW5-20,0.002109566,0.075,200.0000358,2500.000896
264,265,MWROW5-20,0.002109567,0.075,200.000135,2500.003376
265,266,MWROW5-20,0.002109567,0.075,200.0000358,2500.000896
266,267,MWROW5-20,0.002109568,0.075,200.000062,2500.002037
267,268,MWROW5-20,0.00210957,0.075,200.0001609,2500.004022
268,269,MWROW5-20,0.002109566,0.075,200.0000188,2500.003945
269,270,MWROW5-20,0.002109567,0.075,200.0000188,2500.000469
270,271,MWROW5-20,0.00210951,0.075,199.9997194,2499.992984
271,272,MWROW5-20,0.002109504,0.075,200.0001194,2500.002984
272,273,MWROW5-20,0.002109496,0.075,200.0000188,2500.000469
273,274,MWROW5-20,0.002109446,0.075,200.0001078,2500.003533
274,275,MWROW5-20,0.002107257,0.075,199.7669052,2494.172588
275,276,MWROW5-20,0.002109332,0.075,200.0001352,2500.003379
276,277,MWROW5-20,0.002112577,0.075,200.3666854,2501.862467
277,278,MWROW5-20,0.003317426,0.075,299.9892016,4523.397154
278,279,MWROW5-20,0.002108987,0.075,200.0001183,2500.0007
279,280,MWROW5-20,0.00210893,0.075,151.3981792,1284.934752
280,281,MWROW5-20,0.002109562,0.075,200.0000624,2500.00156
281,282,MWROW5-20,0.002109563,0.075,199.9999556,2499.999097
282,283,MWROW5-20,0.002109568,0.075,199.9998308,2499.996951
283,284,MWROW5-20,0.002109291,0.075,199.9766822,2454.90547
284,285,MWROW5-20,0.002108013,0.075,199.7608612,2494.02158
285,286,MWROW5-20,0.002109575,0.075,199.999869,2499.996724
286,287,MWROW5-20,0.002107615,0.075,199.8387153,2496.462099
287,288,MWROW5-20,0.002109626,0.075,200.00025,2500.007807
288,289,MWROW5-20,0.002109702,0.075,200.0000332,2500.000539
289,290,MWROW5-20,0.002109734,0.075,199.9999776,2499.999441
290,291,MWROW5-20,0.002109772,0.075,199.9998504,2499.99797
291,292,MWROW5-20,0.002109792,0.075,199.9999415,2499.997869
292,293,MWROW5-20,0.002109809,0.075,199.999922,2499.998164
293,294,MWROW5-20,0.00240034,0.075,232.2564805,3304.117775
294,295,MWROW5-20,0.002109862,0.075,200.0000456,2500.001139
295,296,MWROW5-20,0.002108968,0.075,196.6115014,2401.615374
296,297,MWROW5-20,0.002109861,0.075,200.000081,2500.001396
297,298,MWROW5-20,0.002109843,0.075,199.999845,2499.997956
298,299,MWROW5-20,0.002109843,0.075,199.9999466,2499.998665
299,300,MWROW5-20,0.002109848,0.075,200.0001466,2500.003664
300,301,MWROW5-20,0.002109849,0.075,200.0000442,2500.001105
301,302,MWROW5-20,0.002109852,0.075,200.0000011,2499.99938
302,303,MWROW5-20,0.002109853,0.075,200.0001028,2499.998478
303,304,MWROW5-20,0.002109842,0.075,200.0000357,2499.998326
304,305,MWROW5-20,0.002109841,0.075,200.0001627,2500.004799
305,306,MWROW5-20,0.002109838,0.075,199.9999806,2499.992554
306,307,MWROW5-20,0.002107802,0.075,199.8314443,2478.780478
307,308,MWROW5-20,0.00210984,0.075,199.9999341,2500.001764
308,309,MWROW5-20,0.002109838,0.075,199.9998349,2499.995871
309,310,MWROW5-20,0.00210984,0.075,200.0001357,2500.003392
310,311,MWROW5-20,0.00210982,0.075,200.0001597,2500.006527
311,312,MWROW5-20,0.002109797,0.075,200.0002817,2500.007043
312,313,MWROW5-20,0.002109747,0.075,200.0002213,2500.002826
313,314,MWROW5-20,0.002109741,0.075,200.0004824,2500.006686
314,315,MWROW5-20,0.002106216,0.075,199.6120793,2494.022623
315,316,MWROW5-20,0.002109953,0.075,200.0315159,2500.277371
316,317,MWROW5-20,0.002109604,0.075,199.9999019,2499.998574
317,318,MWROW5-20,0.002109596,0.075,200.0001019,2500.001592
318,319,MWROW5-20,0.002109575,0.075,199.998694,2499.968881
319,320,MWROW5-20,0.002109847,0.075,199.9999974,2500.000498
320,321,MWROW5-20,0.002109845,0.075,199.9998677,2499.996693
321,322,MWROW5-20,0.002108918,0.075,199.8998419,2483.738815
322,323,MWROW5-20,0.002109726,0.075,199.9998995,2499.997487
323,324,MWROW5-20,0.002109721,0.075,200.0000995,2500.002267
324,325,MWROW5-20,0.002107348,0.075,199.7377688,2491.77025
325,326,MWROW5-20,0.002109667,0.075,199.9999149,2499.998124
326,327,MWROW5-20,0.002108911,0.075,199.9233978,2487.507205
327,328,MWROW5-20,0.002110577,0.075,200.1346409,2475.479185
328,329,MWROW5-20,0.002109507,0.075,200.0000038,2499.999939
329,330,MWROW5-20,0.00210949,0.075,200.0000038,2500.000095
330,331,MWROW5-20,0.002109476,0.075,200.0002023,2500.005124
331,332,MWROW5-20,0.002109456,0.075,200.0000038,2500.000095
332,333,MWROW5-20,0.002109448,0.075,200.0000038,2500.00113
333,334,MWROW5-20,0.002109422,0.075,200.0000038,2499.99967
334,335,MWROW5-20,0.002109405,0.075,200.0001045,2500.002613
335,336,MWROW5-20,0.002109387,0.075,200.0000038,2500.000095
336,337,MWROW5-20,0.002109379,0.075,200.0000038,2500.000095
337,338,MWROW5-20,0.002107651,0.075,199.8117751,2491.815574
338,339,MWROW5-20,0.002104044,0.075,199.4121288,2485.301783
339,340,MWROW5-20,0.002109302,0.075,200.0000126,2500.000837
340,341,MWROW5-20,0.002109316,0.075,199.9999438,2499.998594
341,342,MWROW5-20,0.002108746,0.075,199.9542832,2474.008091
342,343,MWROW5-20,0.002109305,0.075,200.0000191,2500.000448
343,344,MWROW5-20,0.002109295,0.075,200.0000164,2500.001301
344,345,MWROW5-20,0.002109314,0.075,200.0000695,2500.004807
345,346,MWROW5-20,0.002109307,0.075,200.000281,2500.006621
346,347,MWROW5-20,0.002103004,0.075,199.3081618,2469.837453
347,348,MWROW5-20,0.002109145,0.075,199.9986894,2499.970408
348,349,MWROW5-20,0.002109135,0.075,199.9999719,2500.00178
349,350,MWROW5-20,0.002108392,0.075,199.9227856,2491.145775
350,351,MWROW5-20,0.002109064,0.075,200.0000479,2500.001171
351,352,MWROW5-20,0.002105682,0.075,199.623085,2459.694722
352,353,MWROW5-20,0.003183314,0.075,303.7473771,4421.396652
353,354,MWROW5-20,0.002109034,0.075,199.9999717,2500.00185
354,355,MWROW5-20,0.002109033,0.075,199.9998699,2499.996747
355,356,MWROW5-20,0.002109045,0.075,200.0002983,2500.007456
356,357,MWROW5-20,0.002103182,0.075,199.2911268,2465.059391
357,358,MWROW5-20,0.002104221,0.075,199.4186437,2485.466851
358,359,MWROW5-20,0.002109431,0.075,200.0000233,2500.0012
359,360,MWROW5-20,0.00210779,0.075,199.8247908,2460.186732
360,361,MWROW5-20,0.002109346,0.075,199.9999528,2499.999071
361,362,MWROW5-20,0.002109337,0.075,199.9999519,2499.999434
362,363,MWROW5-20,0.002109307,0.075,200.0000904,2500.003032
363,364,MWROW5-20,0.002108612,0.075,199.9475287,2439.192743
364,365,MWROW5-20,0.002109289,0.075,199.9993763,2499.987096
365,366,MWROW5-20,0.002109292,0.075,200.0001182,2500.002955
366,367,MWROW5-20,0.002109293,0.075,200.0000188,2500.000469
367,368,MWROW5-20,0.002105185,0.075,199.660129,2483.733833
368,369,MWROW5-20,0.002109296,0.075,199.9999536,2499.999785
369,370,MWROW5-20,0.002109294,0.075,199.9998533,2499.996333
370,371,MWROW5-20,0.002109293,0.075,199.9999536,2500.001256
371,372,MWROW5-20,0.002109296,0.075,200.0000867,2500.002934
372,373,MWROW5-20,0.002109255,0.075,199.9998827,2500.000635
373,374,MWROW5-20,0.002109212,0.075,200.0000078,2500.000598
374,375,MWROW5-20,0.002109204,0.075,200.0000078,2500.000847
375,376,MWROW5-20,0.002109151,0.075,200.0002404,2500.006062
376,377,MWROW5-20,0.002109141,0.075,200.0000404,2500.00101
377,378,MWROW5-20,0.00210679,0.075,199.7401445,2473.278257
378,379,MWROW5-20,0.002109115,0.075,200.0002206,2500.005036
379,380,MWROW5-20,0.002109104,0.075,199.9999191,2499.997978
380,381,MWROW5-20,0.002109097,0.075,200.0000176,2500.000441
381,382,MWROW5-20,0.002109059,0.075,199.9999468,2499.997995
382,383,MWROW5-20,0.003266806,0.075,312.1175313,4518.260047
383,384,MWROW5-20,0.002104314,0.075,199.6101019,2457.66654
384,385,MWROW5-20,0.002109021,0.075,199.9996248,2499.991828
385,386,MWROW5-20,0.002109027,0.075,199.9999675,2499.999187
386,387,MWROW5-20,0.00210929,0.075,200.000068,2500.003131
387,388,MWROW5-20,0.002109293,0.075,200.000064,2499.999839
388,389,MWROW5-20,0.002108987,0.075,199.9999123,2499.997405
389,390,MWROW5-20,0.002105463,0.075,199.6121375,2477.061037
390,391,MWROW5-20,0.00210991,0.075,200.0000736,2500.003249
391,392,MWROW5-20,0.002109089,0.075,199.9096425,2457.17226
392,393,MWROW5-20,0.002109863,0.075,200.0002624,2500.00629
393,394,MWROW5-20,0.002465458,0.075,235.7048401,3474.837167
394,395,MWROW20-60,0.002107459,0.085,199.8291497,2485.603399
395,396,MWROW20-60,0.002108585,0.085,199.9604423,2471.374003
396,397,MWROW20-60,0.002109565,0.085,200.0001206,2500.000147
397,398,MWROW20-60,0.002105103,0.085,199.6307284,2472.80093
398,399,MWROW20-60,0.002103939,0.085,199.5353084,2473.36927
399,400,MWROW20-60,0.002109567,0.085,200.0000376,2500.004364
400,401,MWROW20-60,0.002109567,0.085,199.9999335,2499.997807
401,402,MWROW20-60,0.002109567,0.085,200.0001526,2500.002158
402,403,MWROW20-60,0.002109488,0.085,199.9999182,2499.997955
403,404,MWROW20-60,0.002109479,0.085,199.9999191,2500.000001
404,405,MWROW20-60,0.002108588,0.085,199.9018101,2481.832026
405,406,MWROW20-60,0.00210943,0.085,200.0000304,2500.000881
406,407,MWROW20-60,0.002103218,0.085,199.3124369,2482.809909
407,408,MWROW20-60,0.002109396,0.085,200.0000728,2500.000148
408,409,MWROW20-60,0.002109379,0.085,200.0001235,2500.003215
409,410,MWROW20-60,0.002109322,0.085,199.9999352,2499.998379
410,411,MWROW20-60,0.002109033,0.085,199.9999753,2499.999815
411,412,MWROW20-60,0.002109035,0.085,200.0000735,2500.003361
412,413,MWROW20-60,0.002109271,0.085,200.0000541,2500.002768
413,414,MWROW20-60,0.002109014,0.085,199.9999076,2499.993782
414,415,MWROW20-60,0.002108977,0.085,199.9999168,2499.997919
415,416,MWROW20-60,0.00210897,0.085,200.0000176,2499.999678
416,417,MWROW20-60,0.002104301,0.085,199.5646602,2474.694344
417,418,MWROW20-60,0.002137803,0.085,202.3359277,2559.314668
418,419,MWROW20-60,0.002109577,0.085,200.0001113,2500.003727
419,420,MWROW20-60,0.002109573,0.085,199.9999109,2499.997772
420,421,MWROW20-60,0.002109576,0.085,200.0001108,2500.002771
421,422,MWROW20-60,0.002109584,0.085,199.9996997,2499.993165
422,423,MWROW20-60,0.002109577,0.085,200.0000689,2500.001724
423,424,MWROW20-60,0.002109574,0.085,199.9999715,2499.99565
424,425,MWROW20-60,0.002109568,0.085,199.9998633,2499.996945
425,426,MWROW20-60,0.003226746,0.085,314.5732741,4755.595787
426,427,MWROW20-60,0.002109141,0.085,199.9451674,2471.8156
427,428,MWROW20-60,0.002107557,0.085,199.750156,2476.86989
428,429,MWROW20-60,0.002811874,0.085,275.0983832,4138.325433
429,430,MWROW20-60,0.002109854,0.085,199.9999455,2499.997797
430,431,MWROW20-60,0.002109153,0.085,199.9170303,2480.130472
431,432,MWROW20-60,0.002109877,0.085,200.0008805,2500.005778
432,433,MWROW20-60,0.002109846,0.085,200.0001466,2500.003665
433,434,MWROW20-60,0.002109846,0.085,199.9999459,2499.997901
434,435,MWROW20-60,0.002109845,0.085,199.9999425,2499.998563
435,436,MWROW20-60,0.002109848,0.085,200.0000442,2500.001105
436,437,MWROW20-60,0.002107098,0.085,199.7725874,2464.554754
437,438,MWROW20-60,0.002109841,0.085,200.0001316,2500.000574
438,439,MWROW20-60,0.002109843,0.085,200.0001288,2500.000788
439,440,MWROW20-60,0.002109842,0.085,199.9999343,2499.998358
440,441,MWROW20-60,0.002109838,0.085,199.9998804,2499.998103
441,442,MWROW20-60,0.002109836,0.085,199.9998809,2499.994161
442,443,MWROW20-60,0.002109838,0.085,199.9999806,2499.999516
443,444,MWROW20-60,0.002109839,0.085,200.0000817,2500.000228
444,445,MWROW20-60,0.002109841,0.085,200.0000211,2500.000527
445,446,MWROW20-60,0.002109842,0.085,200.0000211,2499.997335
446,447,MWROW20-60,0.002109836,0.085,199.999734,2499.99576
447,448,MWROW20-60,0.002100917,0.085,199.26197,2481.542686
448,449,MWROW20-60,0.003944259,0.085,365.1371041,5208.103818
449,450,MWROW20-60,0.002109833,0.085,200.000461,2500.011525
450,451,MWROW20-60,0.002109761,0.085,199.9999206,2500.001742
451,452,MWROW20-60,0.002105151,0.085,199.496008,2489.242845
452,453,MWROW20-60,0.002109637,0.085,200.0001132,2500.006178
453,454,MWROW20-60,0.002109582,0.085,199.9992233,2499.991825
454,455,MWROW20-60,0.002109592,0.085,200.0000787,2500.00947
455,456,MWROW20-60,0.002109846,0.085,199.999994,2499.999849
456,457,MWROW20-60,0.002109836,0.085,199.9999143,2499.998595
457,458,MWROW20-60,0.002102516,0.085,199.3942804,2470.447883
458,459,MWROW20-60,0.002109778,0.085,200.0001564,2500.00245
459,460,MWROW20-60,0.002107939,0.085,199.7965133,2466.619846
460,461,MWROW20-60,0.002109735,0.085,199.9999986,2500.000088
461,462,MWROW20-60,0.002109677,0.085,200.0002175,2500.001986
462,463,MWROW20-60,0.00209996,0.085,198.9232641,2473.08163
463,464,MWROW20-60,0.002109648,0.085,199.9997546,2499.997663
464,465,MWROW20-60,0.002109618,0.085,199.9999574,2499.998935
465,466,MWROW20-60,0.00210961,0.085,200.0000565,2499.998949
466,467,MWROW20-60,0.002109278,0.085,199.966927,2491.661775
467,468,MWROW20-60,0.002109515,0.085,200.0000038,2500.000631
468,469,MWROW20-60,0.002109481,0.085,199.9999031,2499.997046
469,470,MWROW20-60,0.002109464,0.085,200.0000038,2499.999465
470,471,MWROW20-60,0.00210944,0.085,199.9999045,2499.997613
471,472,MWROW20-60,0.0021081,0.085,199.9008206,2497.844972
472,473,MWROW20-60,0.002109304,0.085,200.0000571,2500.001428
473,474,MWROW20-60,0.002109307,0.085,200.0001208,2500.00302
474,475,MWROW20-60,0.002109304,0.085,200.0000227,2500.003142
475,476,MWROW20-60,0.002109286,0.085,199.9998187,2499.996408
476,477,MWROW20-60,0.002099294,0.085,198.8837309,2458.347728
477,478,MWROW20-60,0.00210918,0.085,200.0000847,2500.003512
478,479,MWROW20-60,0.002109151,0.085,199.9999719,2499.999297
479,480,MWROW20-60,0.002109125,0.085,199.9998736,2499.99721
480,481,MWROW20-60,0.002109094,0.085,199.9998586,2499.998584
481,482,MWROW20-60,0.002109056,0.085,200.0003182,2500.005314
482,483,MWROW20-60,0.002109035,0.085,199.999968,2500.002866
483,484,MWROW20-60,0.002103348,0.085,199.5285803,2488.2143
484,485,MWROW20-60,0.002109042,0.085,200.0000983,2500.002457
485,486,MWROW20-60,0.002109041,0.085,199.9998983,2499.997039
486,487,MWROW20-60,0.002114267,0.085,200.5849615,2508.86107
487,488,MWROW20-60,0.002101813,0.085,199.4032652,2472.80136
488,489,MWROW20-60,0.002103798,0.085,199.5688865,2480.103939
489,490,MWROW20-60,0.002109033,0.085,199.9999618,2499.996303
490,491,MWROW20-60,0.002109028,0.085,200.0001067,2500.002666
491,492,MWROW20-60,0.002109028,0.085,200.0000082,2500.000204
492,493,MWROW20-60,0.002109025,0.085,199.9998653,2499.996632
493,494,MWROW20-60,0.002109499,0.085,200.0000199,2499.99992
494,495,MWROW20-60,0.002109467,0.085,200.0000432,2500.001081
495,496,MWROW20-60,0.002109422,0.085,199.9999223,2499.998736
496,497,MWROW20-60,0.002109328,0.085,199.9998515,2499.996343
497,498,MWROW20-60,0.002585559,0.085,239.3081233,3067.505114
498,499,MWROW20-60,0.002109292,0.085,199.9998176,2499.99544
499,500,MWROW20-60,0.002109291,0.085,199.9998176,2499.994655
500,501,MWROW20-60,0.002109293,0.085,199.9999536,2499.998839
501,502,MWROW20-60,0.00210492,0.085,199.6382251,2467.826862
502,503,MWROW20-60,0.002109297,0.085,199.9999858,2500.001209
503,504,MWROW20-60,0.002109295,0.085,199.9999838,2499.999594
504,505,MWROW20-60,0.002108904,0.085,199.9581121,2496.408371
505,506,MWROW20-60,0.002102812,0.085,199.284553,2476.624112
506,507,MWROW20-60,0.002109235,0.085,199.9997812,2499.998057
507,508,MWROW20-60,0.00210921,0.085,199.999755,2499.991647
508,509,MWROW20-60,0.002109131,0.085,199.9999395,2499.998487
509,510,MWROW20-60,0.002109123,0.085,200.0000404,2500.001859
510,511,MWROW20-60,0.002109078,0.085,199.9999191,2499.997978
511,512,MWROW20-60,0.002109269,0.085,200.0243766,2500.020679
512,513,MWROW20-60,0.002109028,0.085,200.0001676,2500.00054
513,514,MWROW20-60,0.00210876,0.085,199.9561637,2480.484667
514,515,MWROW20-60,0.002109293,0.085,199.9999629,2499.999073
515,516,MWROW20-60,0.002109292,0.085,200.0000639,2500.001598
516,517,MWROW20-60,0.002109294,0.085,200.0001649,2500.004123
517,518,MWROW20-60,0.002105529,0.085,199.6880542,2463.380902
518,519,MWROW20-60,0.002109327,0.085,200.0369083,2500.037751
519,520,MWROW20-60,0.002107288,0.085,199.8121829,2494.622567
520,521,MWROW20-60,0.002108967,0.085,199.9998153,2499.996076
521,522,MWROW20-60,0.002108932,0.085,165.2287153,1630.679113
522,523,MWROW20-60,0.002109589,0.085,199.9684986,2457.244829
523,524,MWROW20-60,0.002109851,0.085,199.9999623,2500.000873
524,525,MWROW60-100,0.002063446,0.09,195.10045,2431.820003
525,526,MWROW60-100,0.002109002,0.09,199.9997718,2499.983574
526,527,MWROW60-100,0.002108992,0.09,200.0000025,2499.997596
527,528,MWROW60-100,0.002108948,0.09,200.0000007,2499.999171
528,529,MWROW60-100,0.002109562,0.09,199.9997079,2499.996053
529,530,MWROW60-100,0.002107862,0.09,199.8595568,2455.819208
530,531,MWROW60-100,0.002109566,0.09,200.0002199,2500.002833
531,532,MWROW60-100,0.002109568,0.09,199.9999505,2499.998151
532,533,MWROW60-100,0.002109572,0.09,200.0002503,2500.004705
533,534,MWROW60-100,0.00210957,0.09,200.0001629,2500.002591
534,535,MWROW60-100,0.002109567,0.09,199.9999609,2500.000168
535,536,MWROW60-100,0.002109569,0.09,200.000064,2499.999046
536,537,MWROW60-100,0.002107023,0.09,199.7897344,2470.077075
537,538,MWROW60-100,0.002109569,0.09,200.0001205,2500.003013
538,539,MWROW60-100,0.002109565,0.09,199.9998199,2499.995499
539,540,MWROW60-100,0.002108905,0.09,199.9452798,2485.071554
540,541,MWROW60-100,0.002105042,0.09,199.4999306,2468.040349
541,542,MWROW60-100,0.002109538,0.09,200.0000188,2499.99943
542,543,MWROW60-100,0.00210946,0.09,199.9997083,2499.998087
543,544,MWROW60-100,0.002109454,0.09,200.0001075,2500.002688
544,545,MWROW60-100,0.002109412,0.09,199.9992445,2499.982696
545,546,MWROW60-100,0.002109395,0.09,199.9993604,2499.984031
546,547,MWROW60-100,0.002108769,0.09,199.9340145,2498.887304
547,548,MWROW60-100,0.002098031,0.09,198.7224078,2477.236484
548,549,MWROW60-100,0.002109031,0.09,199.9998735,2499.996838
549,550,MWROW60-100,0.002087068,0.09,198.161514,2455.613691
550,551,MWROW60-100,0.003275921,0.09,313.7643803,4870.867106
551,552,MWROW60-100,0.002102779,0.09,199.3088927,2463.462929
552,553,MWROW60-100,0.002108946,0.09,200.0000005,2500.000013
553,554,MWROW60-100,0.002109562,0.09,123.5000499,587.4960186
554,555,MWROW60-100,0.002109563,0.09,199.9999633,2499.998703
555,556,MWROW60-100,0.002109564,0.09,199.9999653,2499.9979
556,557,MWROW60-100,0.002109564,0.09,199.9999572,2499.99812
557,558,MWROW60-100,0.002109562,0.09,199.9999557,2500.001687
558,559,MWROW60-100,0.002109563,0.09,200.0001571,2500.003112
559,560,MWROW60-100,0.002109566,0.09,200.0000259,2500.001553
560,561,MWROW60-100,0.002109566,0.09,199.9999247,2499.999207
561,562,MWROW60-100,0.002109574,0.09,200.000027,2500.001552
562,563,MWROW60-100,0.002109576,0.09,200.000027,2500.000675
563,564,MWROW60-100,0.002109577,0.09,200.0001253,2500.003132
564,565,MWROW60-100,0.002109573,0.09,199.9999253,2499.998132
565,566,MWROW60-100,0.002109575,0.09,199.9999082,2499.998005
566,567,MWROW60-100,0.002109577,0.09,200.0000064,2500.000161
567,568,MWROW60-100,0.002109577,0.09,200.0000065,2500.000161
568,569,MWROW60-100,0.002109575,0.09,199.9999638,2499.999096
569,570,MWROW60-100,0.002109568,0.09,200.0000632,2500.000777
570,571,MWROW60-100,0.002109568,0.09,199.999962,2499.99905
571,572,MWROW60-100,0.002109569,0.09,199.9999645,2499.998865
572,573,MWROW60-100,0.002109583,0.09,199.9999203,2499.998157
573,574,MWROW60-100,0.00210959,0.09,199.9999296,2500.005372
574,575,MWROW60-100,0.002107724,0.09,199.7907808,2494.769386
575,576,MWROW60-100,0.002109653,0.09,200.0000712,2500.001881
576,577,MWROW60-100,0.00210971,0.09,200.0000332,2500.00035
577,578,MWROW60-100,0.00210974,0.09,199.999878,2499.994462
578,579,MWROW60-100,0.002103821,0.09,199.3389575,2462.28004
579,580,MWROW60-100,0.002109785,0.09,200.0001409,2500.002284
580,581,MWROW60-100,0.002109818,0.09,200.0000233,2500.000443
581,582,MWROW60-100,0.002109868,0.09,199.9998453,2499.99736
582,583,MWROW60-100,0.002109603,0.09,199.9695821,2489.392681
583,584,MWROW60-100,0.002109886,0.09,199.9999369,2499.999352
584,585,MWROW60-100,0.002109896,0.09,199.9999355,2499.998387
585,586,MWROW60-100,0.002109912,0.09,170.6089031,1765.210536
586,587,MWROW60-100,0.002109895,0.09,200.0001019,2500.002997
587,588,MWROW60-100,0.002108993,0.09,199.9017211,2497.559452
588,589,MWROW60-100,0.002108876,0.09,199.9195229,2474.552739
589,590,MWROW60-100,0.002109851,0.09,199.9998991,2499.997479
590,591,MWROW60-100,0.00261351,0.09,255.9149877,3344.328588
591,592,MWROW60-100,0.002109844,0.09,200.000033,2500.000824
592,593,MWROW60-100,0.002109836,0.09,199.9999806,2499.999516
593,594,MWROW60-100,0.002109842,0.09,200.0000211,2499.999715
594,595,MWROW60-100,0.002109841,0.09,200.0000211,2500.000527
595,596,MWROW60-100,0.002109841,0.09,199.9999199,2499.997998
596,597,MWROW60-100,0.002109844,0.09,200.0001222,2499.999175
597,598,MWROW60-100,0.002109839,0.09,200.0000332,2499.995599
598,599,MWROW60-100,0.002100932,0.09,199.2623744,2481.566755
599,600,MWROW60-100,0.002109831,0.09,199.9990985,2499.973124
600,601,MWROW60-100,0.002109803,0.09,200.0000823,2500.004484
601,602,MWROW60-100,0.002109755,0.09,200.0002188,2500.005469
602,603,MWROW60-100,0.002108752,0.09,199.8997069,2498.358662
603,604,MWROW60-100,0.002109644,0.09,200.0000121,2500.001186
604,605,MWROW60-100,0.002108777,0.09,199.9052834,2463.938843
605,606,MWROW60-100,0.002109622,0.09,200.000202,2500.003696
606,607,MWROW60-100,0.002109614,0.09,200.000302,2500.007549
607,608,MWROW60-100,0.002108855,0.09,199.9149049,2483.386018
608,609,MWROW60-100,0.002109576,0.09,199.99973,2499.996928
609,610,MWROW60-100,0.002109587,0.09,199.9997797,2499.994492
610,611,MWROW60-100,0.002109591,0.09,166.9638658,1673.957903
611,612,MWROW60-100,0.002109848,0.09,190.3127318,2257.741555
612,613,MWROW60-100,0.002101627,0.09,199.3202434,2471.696297
613,614,MWROW60-100,0.002109843,0.09,199.9999662,2499.999154
614,615,MWROW60-100,0.002109845,0.09,199.9999662,2500.000785
615,616,MWROW60-100,0.003186561,0.09,296.4405875,3933.585698
616,617,MWROW60-100,0.002105178,0.09,199.4937494,2498.975707
617,618,MWROW60-100,0.002103271,0.09,199.2760357,2481.901081
618,619,MWROW60-100,0.002109759,0.09,199.9998403,2499.99722
619,620,MWROW60-100,0.002108988,0.09,199.9162408,2466.058195
620,621,MWROW60-100,0.002109692,0.09,199.9999558,2499.999597
621,622,MWROW60-100,0.002109631,0.09,199.9989346,2499.986439
622,623,MWROW60-100,0.002109613,0.09,199.9989737,2499.99315
623,624,MWROW60-100,0.002109592,0.09,200.0001185,2500.003442
624,625,MWROW60-100,0.002109549,0.09,200.0001045,2500.002384
625,626,MWROW60-100,0.002109533,0.09,200.0001045,2500.002613
626,627,MWROW60-100,0.002109499,0.09,200.0000038,2500.000065
627,628,MWROW60-100,0.002109396,0.09,200.0000038,2499.999705
628,629,MWROW60-100,0.002109371,0.09,199.9999031,2499.997722
629,630,MWROW60-100,0.002109365,0.09,200.0002023,2500.005643
630,631,MWROW60-100,0.002104036,0.09,199.4119787,2485.303458
631,632,MWROW60-100,0.002109321,0.09,199.9997956,2499.997451
632,633,MWROW60-100,0.002370064,0.09,227.0632368,2808.042299
633,634,MWROW60-100,0.002108442,0.09,199.9290379,2497.957369
634,635,MWROW60-100,0.002109294,0.09,199.9995167,2499.986565
635,636,MWROW60-100,0.002109297,0.09,199.9999356,2499.998928
636,637,MWROW60-100,0.002104503,0.09,199.6037864,2485.594373
637,638,MWROW60-100,0.002109315,0.09,200.0000416,2500.003879
638,639,MWROW60-100,0.002109316,0.09,200.0000415,2500.001037
639,640,MWROW60-100,0.002109316,0.09,199.9999438,2499.998594
640,641,MWROW60-100,0.002109319,0.09,200.0000415,2500.003391
641,642,MWROW60-100,0.002105922,0.09,199.7194883,2460.996101
642,643,MWROW60-100,0.002109303,0.09,199.9999589,2499.996417
643,644,MWROW60-100,0.0021093,0.09,199.9998572,2499.996429
644,645,MWROW60-100,0.002109301,0.09,199.9999588,2499.998452
645,646,MWROW60-100,0.002105534,0.09,199.6892732,2478.972572
646,647,MWROW60-100,0.002109277,0.09,200.0000187,2500.002552
647,648,MWROW60-100,0.00211008,0.09,200.094759,2500.214175
648,649,MWROW60-100,0.002109308,0.09,200.0099978,2499.996566
649,650,MWROW60-100,0.002103694,0.09,199.3831176,2491.113343
650,651,MWROW60-100,0.002109141,0.09,199.9998703,2499.996758
651,652,MWROW60-100,0.002106873,0.09,199.7516919,2462.953585
652,653,MWROW60-100,0.002109104,0.09,200.0000579,2500.001722
653,654,MWROW60-100,0.00210907,0.09,200.0000479,2500.001197
654,655,MWROW60-100,0.002107791,0.09,199.8967765,2481.273817
655,656,MWROW60-100,0.002109041,0.09,200.0000573,2500.003704
656,657,MWROW60-100,0.002109036,0.09,199.9998573,2499.996432
657,658,MWROW60-100,0.002109038,0.09,199.9999593,2499.999788
658,659,MWROW60-100,0.002109041,0.09,200.0000983,2500.002457
659,660,MWROW60-100,0.002109041,0.09,199.9999962,2499.999905
660,661,MWROW60-100,0.00210904,0.09,199.9997963,2499.994906
661,662,MWROW60-100,0.00210902,0.09,200.0000534,2500.003429
662,663,MWROW60-100,0.002109005,0.09,199.9987418,2499.969734
663,664,MWROW60-100,0.002109033,0.09,199.9999582,2499.999439
664,665,MWROW60-100,0.002109032,0.09,200.00006,2500.001499
665,666,MWROW60-100,0.002109033,0.09,199.9999582,2499.998955
666,667,MWROW60-100,0.002109032,0.09,199.9998565,2499.996412
667,668,MWROW60-100,0.002109032,0.09,199.9999515,2499.999957
668,669,MWROW60-100,0.002109028,0.09,200.0001067,2500.001664
669,670,MWROW60-100,0.002109028,0.09,199.9999097,2499.997742
670,671,MWROW60-100,0.002109027,0.09,199.9999067,2499.997667
671,672,MWROW60-100,0.002108549,0.09,199.9608929,2464.920677
672,673,MWROW60-100,0.002109023,0.09,199.9998681,2499.996703
673,674,MWROW60-100,0.002109026,0.09,200.0000653,2500.000111
674,675,MWROW60-100,0.002109025,0.09,179.6053228,1990.091283
675,676,MWROW60-100,0.002106913,0.09,199.7111286,2486.563307
676,677,MWROW60-100,0.002109506,0.09,199.9999194,2499.997604
677,678,MWROW60-100,0.002107182,0.09,199.7445286,2488.069018
678,679,MWROW60-100,0.002109474,0.09,200.0000455,2500.00273
679,680,MWROW60-100,0.002541787,0.09,247.56323,2520.963405
680,681,MWROW60-100,0.002109441,0.09,200.0000126,2500.001068
681,682,MWROW60-100,0.002104863,0.09,199.4939506,2473.063019
682,683,MWROW60-100,0.002106117,0.09,199.6356972,2459.279974
683,684,MWROW60-100,0.002109354,0.09,199.999952,2499.999241
684,685,MWROW60-100,0.0029478,0.09,277.6801262,3600.206648
685,686,MWROW60-100,0.002109288,0.09,199.9991745,2499.982333
686,687,MWROW60-100,0.002101681,0.09,199.3697908,2484.244938
687,688,MWROW60-100,0.002109293,0.09,199.9998867,2499.996932
688,689,MWROW60-100,0.002107198,0.09,199.8265918,2485.236209
689,690,MWROW60-100,0.002283741,0.09,219.3736635,2792.689825
690,691,MWROW60-100,0.002107166,0.09,199.8239191,2489.907374
691,692,MWROW60-100,0.002109294,0.09,200.0000977,2500.001958
692,693,MWROW60-100,0.002109295,0.09,200.0000958,2500.000642
693,694,MWROW60-100,0.002109295,0.09,199.9999993,2500.001144
694,695,MWROW60-100,0.002109293,0.09,199.9998534,2499.993724
695,696,MWROW60-100,0.002109295,0.09,199.9998828,2499.99707
696,697,MWROW60-100,0.002109276,0.09,199.999913,2499.997319
697,698,MWROW60-100,0.002109267,0.09,200.000113,2500.004269
698,699,MWROW60-100,0.002103522,0.09,199.3652916,2481.489304
699,700,MWROW60-100,0.002101934,0.09,199.1871835,2463.699085
700,701,MWROW60-100,0.002109157,0.09,199.9999414,2500.000076
701,702,MWROW60-100,0.002109071,0.09,200.0000177,2500.001504
702,703,MWROW60-100,0.002103716,0.09,199.405238,2489.94338
703,704,MWROW60-100,0.002109032,0.09,199.9998228,2499.998239
704,705,MWROW60-100,0.002109022,0.09,199.9999271,2499.997289
705,706,MWROW60-100,0.002109029,0.09,178.1685503,1954.180853
706,707,MWROW60-100,0.002109292,0.09,100.953245,23.82600049
707,708,MWROW60-100,0.002522638,0.09,245.8900821,3193.025042
708,709,MWROW60-100,0.002109292,0.09,199.9998659,2499.996649
709,710,MWROW60-100,0.002109294,0.09,200.0000639,2500.001598
710,711,MWROW60-100,0.002109302,0.09,200.0001012,2500.001487
711,712,MWROW60-100,0.002108953,0.09,200.0000153,2499.999982
712,713,MWROW60-100,0.002109876,0.09,199.9998929,2499.997276
713,714,Soybeans_nonGMO,0.063972792,0.085,6156.853639,837635.819
714,715,Corn_nonGMO,0.076473148,0.085,4345.835898,644552.9229
715,716,Corn_nonGMO,0.007899234,0.085,835.5267799,20684.18072
716,717,Corn_nonGMO,0.004529725,0.085,420.2685379,8993.155705
717,718,Corn_nonGMO,0.005452749,0.085,78.24172631,278.0192831
718,719,Corn_nonGMO,0.036483125,0.085,3434.307751,147528.1246
719,720,Corn_nonGMO,0.005065639,0.085,479.8284391,8993.137883
720,721,Corn_nonGMO,0.033800663,0.085,3209.375166,347520.9904
721,722,Corn_nonGMO,0.03347238,0.085,2829.493971,62798.83473
722,723,Corn_nonGMO,0.045072609,0.085,1004.597747,28051.97622
723,724,Corn_nonGMO,0.051511599,0.085,4628.161101,578288.7007
